Set Name,Set Code,Release Date,Total Cards,Pack Name,Card Name,Card Number,Rarity
Extradimensional Crisis,A3a,29th May 2025,103,Extradimensional Crisis,Petilil,1,Common
Extradimensional Crisis,A3a,29th May 2025,103,Extradimensional Crisis,Lilligant,2,Common
Extradimensional Crisis,A3a,29th May 2025,103,Extradimensional Crisis,Rowlet,3,Common
Extradimensional Crisis,A3a,29th May 2025,103,Extradimensional Crisis,Dartrix,4,Uncommon
Extradimensional Crisis,A3a,29th May 2025,103,Extradimensional Crisis,Decidueye,5,Rare
Extradimensional Crisis,A3a,29th May 2025,103,Extradimensional Crisis,Buzzwole ex,6,Ultra Rare
Extradimensional Crisis,A3a,29th May 2025,103,Extradimensional Crisis,Pheromosa,7,Uncommon
Extradimensional Crisis,A3a,29th May 2025,103,Extradimensional Crisis,Kartana,8,Common
Extradimensional Crisis,A3a,29th May 2025,103,Extradimensional Crisis,Blacephalon,9,Uncommon
Extradimensional Crisis,A3a,29th May 2025,103,Extradimensional Crisis,Mantine,10,Common
Extradimensional Crisis,A3a,29th May 2025,103,Extradimensional Crisis,Carvanha,11,Common
Extradimensional Crisis,A3a,29th May 2025,103,Extradimensional Crisis,Sharpedo,12,Uncommon
Extradimensional Crisis,A3a,29th May 2025,103,Extradimensional Crisis,Shinx,13,Common
Extradimensional Crisis,A3a,29th May 2025,103,Extradimensional Crisis,Luxio,14,Common
Extradimensional Crisis,A3a,29th May 2025,103,Extradimensional Crisis,Luxray,15,Rare
Extradimensional Crisis,A3a,29th May 2025,103,Extradimensional Crisis,Blitzle,16,Common
Extradimensional Crisis,A3a,29th May 2025,103,Extradimensional Crisis,Zebstrika,17,Common
Extradimensional Crisis,A3a,29th May 2025,103,Extradimensional Crisis,Emolga,18,Common
Extradimensional Crisis,A3a,29th May 2025,103,Extradimensional Crisis,Tapu Koko ex,19,Ultra Rare
Extradimensional Crisis,A3a,29th May 2025,103,Extradimensional Crisis,Xurkitree,20,Uncommon
Extradimensional Crisis,A3a,29th May 2025,103,Extradimensional Crisis,Zeraora,21,Rare
Extradimensional Crisis,A3a,29th May 2025,103,Extradimensional Crisis,Clefairy,22,Common
Extradimensional Crisis,A3a,29th May 2025,103,Extradimensional Crisis,Clefable,23,Uncommon
Extradimensional Crisis,A3a,29th May 2025,103,Extradimensional Crisis,Phantump,24,Common
Extradimensional Crisis,A3a,29th May 2025,103,Extradimensional Crisis,Trevenant,25,Common
Extradimensional Crisis,A3a,29th May 2025,103,Extradimensional Crisis,Morelull,26,Common
Extradimensional Crisis,A3a,29th May 2025,103,Extradimensional Crisis,Shiinotic,27,Rare
Extradimensional Crisis,A3a,29th May 2025,103,Extradimensional Crisis,Meditite,28,Common
Extradimensional Crisis,A3a,29th May 2025,103,Extradimensional Crisis,Medicham,29,Uncommon
Extradimensional Crisis,A3a,29th May 2025,103,Extradimensional Crisis,Baltoy,30,Common
Extradimensional Crisis,A3a,29th May 2025,103,Extradimensional Crisis,Claydol,31,Uncommon
Extradimensional Crisis,A3a,29th May 2025,103,Extradimensional Crisis,Rockruff,32,Common
Extradimensional Crisis,A3a,29th May 2025,103,Extradimensional Crisis,Lycanroc ex,33,Ultra Rare
Extradimensional Crisis,A3a,29th May 2025,103,Extradimensional Crisis,Passimian,34,Common
Extradimensional Crisis,A3a,29th May 2025,103,Extradimensional Crisis,Sandygast,35,Common
Extradimensional Crisis,A3a,29th May 2025,103,Extradimensional Crisis,Palossand,36,Uncommon
Extradimensional Crisis,A3a,29th May 2025,103,Extradimensional Crisis,Alolan Meowth,37,Common
Extradimensional Crisis,A3a,29th May 2025,103,Extradimensional Crisis,Alolan Persian,38,Uncommon
Extradimensional Crisis,A3a,29th May 2025,103,Extradimensional Crisis,Sandile,39,Common
Extradimensional Crisis,A3a,29th May 2025,103,Extradimensional Crisis,Krokorok,40,Common
Extradimensional Crisis,A3a,29th May 2025,103,Extradimensional Crisis,Krookodile,41,Uncommon
Extradimensional Crisis,A3a,29th May 2025,103,Extradimensional Crisis,Nihilego,42,Rare
Extradimensional Crisis,A3a,29th May 2025,103,Extradimensional Crisis,Guzzlord ex,43,Ultra Rare
Extradimensional Crisis,A3a,29th May 2025,103,Extradimensional Crisis,Poipole,44,Common
Extradimensional Crisis,A3a,29th May 2025,103,Extradimensional Crisis,Naganadel,45,Rare
Extradimensional Crisis,A3a,29th May 2025,103,Extradimensional Crisis,Alolan Diglett,46,Common
Extradimensional Crisis,A3a,29th May 2025,103,Extradimensional Crisis,Alolan Dugtrio ex,47,Ultra Rare
Extradimensional Crisis,A3a,29th May 2025,103,Extradimensional Crisis,Aron,48,Common
Extradimensional Crisis,A3a,29th May 2025,103,Extradimensional Crisis,Lairon,49,Common
Extradimensional Crisis,A3a,29th May 2025,103,Extradimensional Crisis,Aggron,50,Uncommon
Extradimensional Crisis,A3a,29th May 2025,103,Extradimensional Crisis,Ferroseed,51,Common
Extradimensional Crisis,A3a,29th May 2025,103,Extradimensional Crisis,Ferrothorn,52,Uncommon
Extradimensional Crisis,A3a,29th May 2025,103,Extradimensional Crisis,Stakataka,53,Uncommon
Extradimensional Crisis,A3a,29th May 2025,103,Extradimensional Crisis,Lillipup,54,Common
Extradimensional Crisis,A3a,29th May 2025,103,Extradimensional Crisis,Herdier,55,Common
Extradimensional Crisis,A3a,29th May 2025,103,Extradimensional Crisis,Stoutland,56,Uncommon
Extradimensional Crisis,A3a,29th May 2025,103,Extradimensional Crisis,Stufful,57,Common
Extradimensional Crisis,A3a,29th May 2025,103,Extradimensional Crisis,Bewear,58,Uncommon
Extradimensional Crisis,A3a,29th May 2025,103,Extradimensional Crisis,Oranguru,59,Common
Extradimensional Crisis,A3a,29th May 2025,103,Extradimensional Crisis,Type: Null,60,Uncommon
Extradimensional Crisis,A3a,29th May 2025,103,Extradimensional Crisis,Silvally,61,Rare
Extradimensional Crisis,A3a,29th May 2025,103,Extradimensional Crisis,Celesteela,62,Rare
Extradimensional Crisis,A3a,29th May 2025,103,Extradimensional Crisis,Beast Wall,63,Uncommon
Extradimensional Crisis,A3a,29th May 2025,103,Extradimensional Crisis,Repel,64,Uncommon
Extradimensional Crisis,A3a,29th May 2025,103,Extradimensional Crisis,Electrical Cord,65,Uncommon
Extradimensional Crisis,A3a,29th May 2025,103,Extradimensional Crisis,Beastite,66,Uncommon
Extradimensional Crisis,A3a,29th May 2025,103,Extradimensional Crisis,Gladion,67,Uncommon
Extradimensional Crisis,A3a,29th May 2025,103,Extradimensional Crisis,Looker,68,Uncommon
Extradimensional Crisis,A3a,29th May 2025,103,Extradimensional Crisis,Lusamine,69,Uncommon
Extradimensional Crisis,A3a,29th May 2025,103,Extradimensional Crisis,Rowlet,70,Star Rare
Extradimensional Crisis,A3a,29th May 2025,103,Extradimensional Crisis,Pheromosa,71,Star Rare
Extradimensional Crisis,A3a,29th May 2025,103,Extradimensional Crisis,Blacephalon,72,Star Rare
Extradimensional Crisis,A3a,29th May 2025,103,Extradimensional Crisis,Alolan Meowth,73,Star Rare
Extradimensional Crisis,A3a,29th May 2025,103,Extradimensional Crisis,Silvally,74,Star Rare
Extradimensional Crisis,A3a,29th May 2025,103,Extradimensional Crisis,Celesteela,75,Star Rare
Extradimensional Crisis,A3a,29th May 2025,103,Extradimensional Crisis,Buzzwole ex,76,Double Star Rare
Extradimensional Crisis,A3a,29th May 2025,103,Extradimensional Crisis,Tapu Koko ex,77,Double Star Rare
Extradimensional Crisis,A3a,29th May 2025,103,Extradimensional Crisis,Lycanroc ex,78,Double Star Rare
Extradimensional Crisis,A3a,29th May 2025,103,Extradimensional Crisis,Guzzlord ex,79,Double Star Rare
Extradimensional Crisis,A3a,29th May 2025,103,Extradimensional Crisis,Alolan Dugtrio ex,80,Double Star Rare
Extradimensional Crisis,A3a,29th May 2025,103,Extradimensional Crisis,Gladion,81,Double Star Rare
Extradimensional Crisis,A3a,29th May 2025,103,Extradimensional Crisis,Looker,82,Double Star Rare
Extradimensional Crisis,A3a,29th May 2025,103,Extradimensional Crisis,Lusamine,83,Double Star Rare
Extradimensional Crisis,A3a,29th May 2025,103,Extradimensional Crisis,Tapu Koko ex,84,Double Star Rare
Extradimensional Crisis,A3a,29th May 2025,103,Extradimensional Crisis,Lycanroc ex,85,Double Star Rare
Extradimensional Crisis,A3a,29th May 2025,103,Extradimensional Crisis,Guzzlord ex,86,Double Star Rare
Extradimensional Crisis,A3a,29th May 2025,103,Extradimensional Crisis,Alolan Dugtrio ex,87,Double Star Rare
Extradimensional Crisis,A3a,29th May 2025,103,Extradimensional Crisis,Buzzwole ex,88,Triple Star Rare
Extradimensional Crisis,A3a,29th May 2025,103,Extradimensional Crisis,Growlithe,89,Star Rare
Extradimensional Crisis,A3a,29th May 2025,103,Extradimensional Crisis,Arcanine,90,Star Rare
Extradimensional Crisis,A3a,29th May 2025,103,Extradimensional Crisis,Froakie,91,Star Rare
Extradimensional Crisis,A3a,29th May 2025,103,Extradimensional Crisis,Frogadier,92,Star Rare
Extradimensional Crisis,A3a,29th May 2025,103,Extradimensional Crisis,Greninja,93,Star Rare
Extradimensional Crisis,A3a,29th May 2025,103,Extradimensional Crisis,Jynx,94,Star Rare
Extradimensional Crisis,A3a,29th May 2025,103,Extradimensional Crisis,Pidgey,95,Star Rare
Extradimensional Crisis,A3a,29th May 2025,103,Extradimensional Crisis,Pidgeotto,96,Star Rare
Extradimensional Crisis,A3a,29th May 2025,103,Extradimensional Crisis,Pidgeot,97,Star Rare
Extradimensional Crisis,A3a,29th May 2025,103,Extradimensional Crisis,Aerodactyl,98,Star Rare
Extradimensional Crisis,A3a,29th May 2025,103,Extradimensional Crisis,Celebi ex,99,Double Star Rare
Extradimensional Crisis,A3a,29th May 2025,103,Extradimensional Crisis,Arcanine ex,100,Double Star Rare
Extradimensional Crisis,A3a,29th May 2025,103,Extradimensional Crisis,Aerodactyl ex,101,Double Star Rare
Extradimensional Crisis,A3a,29th May 2025,103,Extradimensional Crisis,Pidgeot ex,102,Double Star Rare
Extradimensional Crisis,A3a,29th May 2025,103,Extradimensional Crisis,Nihilego,103,Crown Rare
Celestial Guardians,A3,30th April 2025,239,Lunala,Exeggcute,1,Common
Celestial Guardians,A3,30th April 2025,239,Lunala,Alolan Exeggutor,2,Rare
Celestial Guardians,A3,30th April 2025,239,Lunala,Surskit,3,Common
Celestial Guardians,A3,30th April 2025,239,Lunala,Masquerain,4,Uncommon
Celestial Guardians,A3,30th April 2025,239,Lunala,Maractus,5,Common
Celestial Guardians,A3,30th April 2025,239,Lunala,Karrablast,6,Common
Celestial Guardians,A3,30th April 2025,239,Lunala,Rowlet,10,Common
Celestial Guardians,A3,30th April 2025,239,Lunala,Dartrix,11,Uncommon
Celestial Guardians,A3,30th April 2025,239,Lunala,Decidueye ex,12,Ultra Rare
Celestial Guardians,A3,30th April 2025,239,Lunala,Grubbin,13,Common
Celestial Guardians,A3,30th April 2025,239,Lunala,Fomantis,14,Common
Celestial Guardians,A3,30th April 2025,239,Lunala,Lurantis,15,Uncommon
Celestial Guardians,A3,30th April 2025,239,Lunala,Morelull,16,Common
Celestial Guardians,A3,30th April 2025,239,Lunala,Shiinotic,17,Uncommon
Celestial Guardians,A3,30th April 2025,239,Lunala,Growlithe,25,Common
Celestial Guardians,A3,30th April 2025,239,Lunala,Arcanine,26,Uncommon
Celestial Guardians,A3,30th April 2025,239,Lunala,Alolan Marowak,27,Uncommon
Celestial Guardians,A3,30th April 2025,239,Lunala,Litten,31,Common
Celestial Guardians,A3,30th April 2025,239,Lunala,Oricorio,34,Uncommon
Celestial Guardians,A3,30th April 2025,239,Lunala,Salandit,35,Common
Celestial Guardians,A3,30th April 2025,239,Lunala,Salazzle,36,Common
Celestial Guardians,A3,30th April 2025,239,Lunala,Turtonator,37,Rare
Celestial Guardians,A3,30th April 2025,239,Lunala,Alolan Sandshrew,38,Common
Celestial Guardians,A3,30th April 2025,239,Lunala,Alolan Sandslash,39,Uncommon
Celestial Guardians,A3,30th April 2025,239,Lunala,Alolan Vulpix,40,Common
Celestial Guardians,A3,30th April 2025,239,Lunala,Alolan Ninetales,41,Rare
Celestial Guardians,A3,30th April 2025,239,Lunala,Lapras,44,Uncommon
Celestial Guardians,A3,30th April 2025,239,Lunala,Popplio,45,Common
Celestial Guardians,A3,30th April 2025,239,Lunala,Brionne,47,Uncommon
Celestial Guardians,A3,30th April 2025,239,Lunala,Primarina,48,Rare
Celestial Guardians,A3,30th April 2025,239,Lunala,Wishiwashi,50,Common
Celestial Guardians,A3,30th April 2025,239,Lunala,Wishiwashi ex,51,Ultra Rare
Celestial Guardians,A3,30th April 2025,239,Lunala,Pyukumuku,54,Common
Celestial Guardians,A3,30th April 2025,239,Lunala,Bruxish,55,Common
Celestial Guardians,A3,30th April 2025,239,Lunala,Tapu Fini,56,Rare
Celestial Guardians,A3,30th April 2025,239,Lunala,Helioptile,62,Common
Celestial Guardians,A3,30th April 2025,239,Lunala,Heliolisk,63,Common
Celestial Guardians,A3,30th April 2025,239,Lunala,Charjabug,64,Uncommon
Celestial Guardians,A3,30th April 2025,239,Lunala,Vikavolt,65,Rare
Celestial Guardians,A3,30th April 2025,239,Lunala,Togedemaru,67,Common
Celestial Guardians,A3,30th April 2025,239,Lunala,Sableye,70,Uncommon
Celestial Guardians,A3,30th April 2025,239,Lunala,Spoink,71,Common
Celestial Guardians,A3,30th April 2025,239,Lunala,Grumpig,72,Uncommon
Celestial Guardians,A3,30th April 2025,239,Lunala,Lunatone,73,Common
Celestial Guardians,A3,30th April 2025,239,Lunala,Shuppet,74,Common
Celestial Guardians,A3,30th April 2025,239,Lunala,Banette,75,Common
Celestial Guardians,A3,30th April 2025,239,Lunala,Oricorio,77,Uncommon
Celestial Guardians,A3,30th April 2025,239,Lunala,Mimikyu,83,Common
Celestial Guardians,A3,30th April 2025,239,Lunala,Tapu Lele,84,Rare
Celestial Guardians,A3,30th April 2025,239,Lunala,Cosmog,85,Common
Celestial Guardians,A3,30th April 2025,239,Lunala,Cosmoem,86,Uncommon
Celestial Guardians,A3,30th April 2025,239,Lunala,Lunala ex,87,Ultra Rare
Celestial Guardians,A3,30th April 2025,239,Lunala,Necrozma,88,Rare
Celestial Guardians,A3,30th April 2025,239,Lunala,Cubone,89,Common
Celestial Guardians,A3,30th April 2025,239,Lunala,Makuhita,90,Common
Celestial Guardians,A3,30th April 2025,239,Lunala,Hariyama,91,Uncommon
Celestial Guardians,A3,30th April 2025,239,Lunala,Drilbur,93,Common
Celestial Guardians,A3,30th April 2025,239,Lunala,Timburr,94,Common
Celestial Guardians,A3,30th April 2025,239,Lunala,Gurdurr,95,Uncommon
Celestial Guardians,A3,30th April 2025,239,Lunala,Conkeldurr,96,Rare
Celestial Guardians,A3,30th April 2025,239,Lunala,Rockruff,98,Common
Celestial Guardians,A3,30th April 2025,239,Lunala,Lycanroc,101,Rare
Celestial Guardians,A3,30th April 2025,239,Lunala,Passimian ex,104,Ultra Rare
Celestial Guardians,A3,30th April 2025,239,Lunala,Minior,105,Uncommon
Celestial Guardians,A3,30th April 2025,239,Lunala,Alolan Rattata,106,Common
Celestial Guardians,A3,30th April 2025,239,Lunala,Alolan Raticate,107,Uncommon
Celestial Guardians,A3,30th April 2025,239,Lunala,Alolan Grimer,110,Common
Celestial Guardians,A3,30th April 2025,239,Lunala,Alolan Muk ex,111,Ultra Rare
Celestial Guardians,A3,30th April 2025,239,Lunala,Absol,112,Rare
Celestial Guardians,A3,30th April 2025,239,Lunala,Trubbish,113,Common
Celestial Guardians,A3,30th April 2025,239,Lunala,Garbodor,114,Uncommon
Celestial Guardians,A3,30th April 2025,239,Lunala,Mareanie,115,Common
Celestial Guardians,A3,30th April 2025,239,Lunala,Toxapex,116,Common
Celestial Guardians,A3,30th April 2025,239,Lunala,Alolan Diglett,117,Common
Celestial Guardians,A3,30th April 2025,239,Lunala,Alolan Dugtrio,118,Common
Celestial Guardians,A3,30th April 2025,239,Lunala,Excadrill,119,Uncommon
Celestial Guardians,A3,30th April 2025,239,Lunala,Escavalier,120,Uncommon
Celestial Guardians,A3,30th April 2025,239,Lunala,Jangmo-o,125,Common
Celestial Guardians,A3,30th April 2025,239,Lunala,Hakamo-o,126,Uncommon
Celestial Guardians,A3,30th April 2025,239,Lunala,Kommo-o,127,Rare
Celestial Guardians,A3,30th April 2025,239,Lunala,Tauros,128,Uncommon
Celestial Guardians,A3,30th April 2025,239,Lunala,Skitty,129,Common
Celestial Guardians,A3,30th April 2025,239,Lunala,Delcatty,130,Uncommon
Celestial Guardians,A3,30th April 2025,239,Lunala,Pikipek,133,Common
Celestial Guardians,A3,30th April 2025,239,Lunala,Trumbeak,134,Common
Celestial Guardians,A3,30th April 2025,239,Lunala,Toucannon,135,Uncommon
Celestial Guardians,A3,30th April 2025,239,Lunala,Stufful,138,Common
Celestial Guardians,A3,30th April 2025,239,Lunala,Bewear,139,Rare
Celestial Guardians,A3,30th April 2025,239,Lunala,Oranguru,140,Rare
Celestial Guardians,A3,30th April 2025,239,Lunala,Big Malasada,142,Uncommon
Celestial Guardians,A3,30th April 2025,239,Lunala,Fishing Net,143,Uncommon
Celestial Guardians,A3,30th April 2025,239,Lunala,Rare Candy,144,Uncommon
Celestial Guardians,A3,30th April 2025,239,Lunala,Poison Barb,146,Uncommon
Celestial Guardians,A3,30th April 2025,239,Lunala,Acerola,148,Uncommon
Celestial Guardians,A3,30th April 2025,239,Lunala,Ilima,149,Uncommon
Celestial Guardians,A3,30th April 2025,239,Lunala,Kiawe,150,Uncommon
Celestial Guardians,A3,30th April 2025,239,Lunala,Guzma,151,Uncommon
Celestial Guardians,A3,30th April 2025,239,Lunala,Alolan Exeggutor,156,Star Rare
Celestial Guardians,A3,30th April 2025,239,Lunala,Morelull,157,Star Rare
Celestial Guardians,A3,30th April 2025,239,Lunala,Alolan Marowak,160,Star Rare
Celestial Guardians,A3,30th April 2025,239,Lunala,Turtonator,161,Star Rare
Celestial Guardians,A3,30th April 2025,239,Lunala,Alolan Vulpix,162,Star Rare
Celestial Guardians,A3,30th April 2025,239,Lunala,Pyukumuku,163,Star Rare
Celestial Guardians,A3,30th April 2025,239,Lunala,Tapu Fini,164,Star Rare
Celestial Guardians,A3,30th April 2025,239,Lunala,Tapu Lele,170,Star Rare
Celestial Guardians,A3,30th April 2025,239,Lunala,Cosmog,171,Star Rare
Celestial Guardians,A3,30th April 2025,239,Lunala,Minior,174,Star Rare
Celestial Guardians,A3,30th April 2025,239,Lunala,Pikipek,177,Star Rare
Celestial Guardians,A3,30th April 2025,239,Lunala,Bewear,178,Star Rare
Celestial Guardians,A3,30th April 2025,239,Lunala,Decidueye ex,180,Double Star Rare
Celestial Guardians,A3,30th April 2025,239,Lunala,Wishiwashi ex,184,Double Star Rare
Celestial Guardians,A3,30th April 2025,239,Lunala,Lunala ex,186,Double Star Rare
Celestial Guardians,A3,30th April 2025,239,Lunala,Passimian ex,187,Double Star Rare
Celestial Guardians,A3,30th April 2025,239,Lunala,Alolan Muk ex,188,Double Star Rare
Celestial Guardians,A3,30th April 2025,239,Lunala,Acerola,190,Double Star Rare
Celestial Guardians,A3,30th April 2025,239,Lunala,Ilima,191,Double Star Rare
Celestial Guardians,A3,30th April 2025,239,Lunala,Kiawe,192,Double Star Rare
Celestial Guardians,A3,30th April 2025,239,Lunala,Guzma,193,Double Star Rare
Celestial Guardians,A3,30th April 2025,239,Lunala,Decidueye ex,198,Double Star Rare
Celestial Guardians,A3,30th April 2025,239,Lunala,Wishiwashi ex,202,Double Star Rare
Celestial Guardians,A3,30th April 2025,239,Lunala,Lunala ex,204,Double Star Rare
Celestial Guardians,A3,30th April 2025,239,Lunala,Passimian ex,205,Double Star Rare
Celestial Guardians,A3,30th April 2025,239,Lunala,Alolan Muk ex,206,Double Star Rare
Celestial Guardians,A3,30th April 2025,239,Lunala,Guzma,208,Triple Star Rare
Celestial Guardians,A3,30th April 2025,239,Lunala,Exeggcute,213,Star Rare
Celestial Guardians,A3,30th April 2025,239,Lunala,Exeggutor,214,Star Rare
Celestial Guardians,A3,30th April 2025,239,Lunala,Squirtle,215,Star Rare
Celestial Guardians,A3,30th April 2025,239,Lunala,Wartortle,216,Star Rare
Celestial Guardians,A3,30th April 2025,239,Lunala,Blastoise,217,Star Rare
Celestial Guardians,A3,30th April 2025,239,Lunala,Gastly,220,Star Rare
Celestial Guardians,A3,30th April 2025,239,Lunala,Haunter,221,Star Rare
Celestial Guardians,A3,30th April 2025,239,Lunala,Gengar,222,Star Rare
Celestial Guardians,A3,30th April 2025,239,Lunala,Cubone,226,Star Rare
Celestial Guardians,A3,30th April 2025,239,Lunala,Marowak,227,Star Rare
Celestial Guardians,A3,30th April 2025,239,Lunala,Exeggutor ex,231,Double Star Rare
Celestial Guardians,A3,30th April 2025,239,Lunala,Blastoise ex,232,Double Star Rare
Celestial Guardians,A3,30th April 2025,239,Lunala,Gengar ex,234,Double Star Rare
Celestial Guardians,A3,30th April 2025,239,Lunala,Marowak ex,236,Double Star Rare
Celestial Guardians,A3,30th April 2025,239,Lunala,Lunala ex,238,Crown Rare
Celestial Guardians,A3,30th April 2025,239,Lunala,Solgaleo ex,239,Crown Rare
Celestial Guardians,A3,30th April 2025,239,Solgaleo,Surskit,3,Common
Celestial Guardians,A3,30th April 2025,239,Solgaleo,Masquerain,4,Uncommon
Celestial Guardians,A3,30th April 2025,239,Solgaleo,Karrablast,6,Common
Celestial Guardians,A3,30th April 2025,239,Solgaleo,Phantump,7,Common
Celestial Guardians,A3,30th April 2025,239,Solgaleo,Trevenant,8,Uncommon
Celestial Guardians,A3,30th April 2025,239,Solgaleo,Rowlet,9,Common
Celestial Guardians,A3,30th April 2025,239,Solgaleo,Fomantis,14,Common
Celestial Guardians,A3,30th April 2025,239,Solgaleo,Lurantis,15,Uncommon
Celestial Guardians,A3,30th April 2025,239,Solgaleo,Bounsweet,18,Common
Celestial Guardians,A3,30th April 2025,239,Solgaleo,Steenee,19,Uncommon
Celestial Guardians,A3,30th April 2025,239,Solgaleo,Tsareena,20,Rare
Celestial Guardians,A3,30th April 2025,239,Solgaleo,Wimpod,21,Common
Celestial Guardians,A3,30th April 2025,239,Solgaleo,Golisopod,22,Rare
Celestial Guardians,A3,30th April 2025,239,Solgaleo,Dhelmise ex,23,Ultra Rare
Celestial Guardians,A3,30th April 2025,239,Solgaleo,Tapu Bulu,24,Rare
Celestial Guardians,A3,30th April 2025,239,Solgaleo,Growlithe,25,Common
Celestial Guardians,A3,30th April 2025,239,Solgaleo,Arcanine,26,Uncommon
Celestial Guardians,A3,30th April 2025,239,Solgaleo,Fletchinder,28,Common
Celestial Guardians,A3,30th April 2025,239,Solgaleo,Talonflame,29,Rare
Celestial Guardians,A3,30th April 2025,239,Solgaleo,Litten,30,Common
Celestial Guardians,A3,30th April 2025,239,Solgaleo,Torracat,32,Uncommon
Celestial Guardians,A3,30th April 2025,239,Solgaleo,Incineroar ex,33,Ultra Rare
Celestial Guardians,A3,30th April 2025,239,Solgaleo,Salandit,35,Common
Celestial Guardians,A3,30th April 2025,239,Solgaleo,Salazzle,36,Common
Celestial Guardians,A3,30th April 2025,239,Solgaleo,Alolan Sandshrew,38,Common
Celestial Guardians,A3,30th April 2025,239,Solgaleo,Alolan Sandslash,39,Uncommon
Celestial Guardians,A3,30th April 2025,239,Solgaleo,Shellder,42,Common
Celestial Guardians,A3,30th April 2025,239,Solgaleo,Cloyster,43,Uncommon
Celestial Guardians,A3,30th April 2025,239,Solgaleo,Lapras,44,Uncommon
Celestial Guardians,A3,30th April 2025,239,Solgaleo,Popplio,46,Common
Celestial Guardians,A3,30th April 2025,239,Solgaleo,Crabominable ex,49,Ultra Rare
Celestial Guardians,A3,30th April 2025,239,Solgaleo,Dewpider,52,Common
Celestial Guardians,A3,30th April 2025,239,Solgaleo,Araquanid,53,Uncommon
Celestial Guardians,A3,30th April 2025,239,Solgaleo,Bruxish,55,Common
Celestial Guardians,A3,30th April 2025,239,Solgaleo,Pikachu,57,Common
Celestial Guardians,A3,30th April 2025,239,Solgaleo,Alolan Raichu ex,58,Ultra Rare
Celestial Guardians,A3,30th April 2025,239,Solgaleo,Alolan Geodude,59,Common
Celestial Guardians,A3,30th April 2025,239,Solgaleo,Alolan Graveler,60,Uncommon
Celestial Guardians,A3,30th April 2025,239,Solgaleo,Alolan Golem,61,Rare
Celestial Guardians,A3,30th April 2025,239,Solgaleo,Helioptile,62,Common
Celestial Guardians,A3,30th April 2025,239,Solgaleo,Heliolisk,63,Common
Celestial Guardians,A3,30th April 2025,239,Solgaleo,Oricorio,66,Rare
Celestial Guardians,A3,30th April 2025,239,Solgaleo,Tapu Koko,68,Rare
Celestial Guardians,A3,30th April 2025,239,Solgaleo,Mr. Mime,69,Uncommon
Celestial Guardians,A3,30th April 2025,239,Solgaleo,Sableye,70,Uncommon
Celestial Guardians,A3,30th April 2025,239,Solgaleo,Spoink,71,Common
Celestial Guardians,A3,30th April 2025,239,Solgaleo,Grumpig,72,Uncommon
Celestial Guardians,A3,30th April 2025,239,Solgaleo,Shuppet,74,Common
Celestial Guardians,A3,30th April 2025,239,Solgaleo,Banette,75,Common
Celestial Guardians,A3,30th April 2025,239,Solgaleo,Oricorio,76,Uncommon
Celestial Guardians,A3,30th April 2025,239,Solgaleo,Cutiefly,78,Common
Celestial Guardians,A3,30th April 2025,239,Solgaleo,Ribombee,79,Common
Celestial Guardians,A3,30th April 2025,239,Solgaleo,Comfey,80,Rare
Celestial Guardians,A3,30th April 2025,239,Solgaleo,Sandygast,81,Common
Celestial Guardians,A3,30th April 2025,239,Solgaleo,Palossand,82,Rare
Celestial Guardians,A3,30th April 2025,239,Solgaleo,Cosmog,85,Common
Celestial Guardians,A3,30th April 2025,239,Solgaleo,Cosmoem,86,Uncommon
Celestial Guardians,A3,30th April 2025,239,Solgaleo,Makuhita,90,Common
Celestial Guardians,A3,30th April 2025,239,Solgaleo,Hariyama,91,Uncommon
Celestial Guardians,A3,30th April 2025,239,Solgaleo,Solrock,92,Common
Celestial Guardians,A3,30th April 2025,239,Solgaleo,Drilbur,93,Common
Celestial Guardians,A3,30th April 2025,239,Solgaleo,Crabrawler,97,Common
Celestial Guardians,A3,30th April 2025,239,Solgaleo,Rockruff,99,Common
Celestial Guardians,A3,30th April 2025,239,Solgaleo,Lycanroc,100,Rare
Celestial Guardians,A3,30th April 2025,239,Solgaleo,Mudbray,102,Common
Celestial Guardians,A3,30th April 2025,239,Solgaleo,Mudsdale,103,Uncommon
Celestial Guardians,A3,30th April 2025,239,Solgaleo,Alolan Meowth,108,Common
Celestial Guardians,A3,30th April 2025,239,Solgaleo,Alolan Persian,109,Rare
Celestial Guardians,A3,30th April 2025,239,Solgaleo,Trubbish,113,Common
Celestial Guardians,A3,30th April 2025,239,Solgaleo,Garbodor,114,Uncommon
Celestial Guardians,A3,30th April 2025,239,Solgaleo,Alolan Diglett,117,Common
Celestial Guardians,A3,30th April 2025,239,Solgaleo,Alolan Dugtrio,118,Common
Celestial Guardians,A3,30th April 2025,239,Solgaleo,Excadrill,119,Uncommon
Celestial Guardians,A3,30th April 2025,239,Solgaleo,Escavalier,120,Uncommon
Celestial Guardians,A3,30th April 2025,239,Solgaleo,Klefki,121,Rare
Celestial Guardians,A3,30th April 2025,239,Solgaleo,Solgaleo ex,122,Ultra Rare
Celestial Guardians,A3,30th April 2025,239,Solgaleo,Magearna,123,Rare
Celestial Guardians,A3,30th April 2025,239,Solgaleo,Drampa,124,Rare
Celestial Guardians,A3,30th April 2025,239,Solgaleo,Tauros,128,Uncommon
Celestial Guardians,A3,30th April 2025,239,Solgaleo,Skitty,129,Common
Celestial Guardians,A3,30th April 2025,239,Solgaleo,Delcatty,130,Uncommon
Celestial Guardians,A3,30th April 2025,239,Solgaleo,Fletchling,131,Common
Celestial Guardians,A3,30th April 2025,239,Solgaleo,Hawlucha,132,Uncommon
Celestial Guardians,A3,30th April 2025,239,Solgaleo,Pikipek,133,Common
Celestial Guardians,A3,30th April 2025,239,Solgaleo,Trumbeak,134,Common
Celestial Guardians,A3,30th April 2025,239,Solgaleo,Toucannon,135,Uncommon
Celestial Guardians,A3,30th April 2025,239,Solgaleo,Yungoos,136,Common
Celestial Guardians,A3,30th April 2025,239,Solgaleo,Gumshoos,137,Common
Celestial Guardians,A3,30th April 2025,239,Solgaleo,Komala,141,Uncommon
Celestial Guardians,A3,30th April 2025,239,Solgaleo,Big Malasada,142,Uncommon
Celestial Guardians,A3,30th April 2025,239,Solgaleo,Rare Candy,144,Uncommon
Celestial Guardians,A3,30th April 2025,239,Solgaleo,Rotom Dex,145,Uncommon
Celestial Guardians,A3,30th April 2025,239,Solgaleo,Leaf Cape,147,Uncommon
Celestial Guardians,A3,30th April 2025,239,Solgaleo,Lana,152,Uncommon
Celestial Guardians,A3,30th April 2025,239,Solgaleo,Sophocles,153,Uncommon
Celestial Guardians,A3,30th April 2025,239,Solgaleo,Mallow,154,Uncommon
Celestial Guardians,A3,30th April 2025,239,Solgaleo,Lillie,155,Uncommon
Celestial Guardians,A3,30th April 2025,239,Solgaleo,Tsareena,158,Star Rare
Celestial Guardians,A3,30th April 2025,239,Solgaleo,Tapu Bulu,159,Star Rare
Celestial Guardians,A3,30th April 2025,239,Solgaleo,Oricorio,165,Star Rare
Celestial Guardians,A3,30th April 2025,239,Solgaleo,Tapu Koko,166,Star Rare
Celestial Guardians,A3,30th April 2025,239,Solgaleo,Cutiefly,167,Star Rare
Celestial Guardians,A3,30th April 2025,239,Solgaleo,Comfey,168,Star Rare
Celestial Guardians,A3,30th April 2025,239,Solgaleo,Sandygast,169,Star Rare
Celestial Guardians,A3,30th April 2025,239,Solgaleo,Rockruff,172,Star Rare
Celestial Guardians,A3,30th April 2025,239,Solgaleo,Mudsdale,173,Star Rare
Celestial Guardians,A3,30th April 2025,239,Solgaleo,Magearna,175,Star Rare
Celestial Guardians,A3,30th April 2025,239,Solgaleo,Drampa,176,Star Rare
Celestial Guardians,A3,30th April 2025,239,Solgaleo,Komala,179,Star Rare
Celestial Guardians,A3,30th April 2025,239,Solgaleo,Dhelmise ex,181,Double Star Rare
Celestial Guardians,A3,30th April 2025,239,Solgaleo,Incineroar ex,182,Double Star Rare
Celestial Guardians,A3,30th April 2025,239,Solgaleo,Crabominable ex,183,Double Star Rare
Celestial Guardians,A3,30th April 2025,239,Solgaleo,Alolan Raichu ex,185,Double Star Rare
Celestial Guardians,A3,30th April 2025,239,Solgaleo,Solgaleo ex,189,Double Star Rare
Celestial Guardians,A3,30th April 2025,239,Solgaleo,Lana,194,Double Star Rare
Celestial Guardians,A3,30th April 2025,239,Solgaleo,Sophocles,195,Double Star Rare
Celestial Guardians,A3,30th April 2025,239,Solgaleo,Mallow,196,Double Star Rare
Celestial Guardians,A3,30th April 2025,239,Solgaleo,Lillie,197,Double Star Rare
Celestial Guardians,A3,30th April 2025,239,Solgaleo,Dhelmise ex,199,Double Star Rare
Celestial Guardians,A3,30th April 2025,239,Solgaleo,Incineroar ex,200,Double Star Rare
Celestial Guardians,A3,30th April 2025,239,Solgaleo,Crabominable ex,201,Double Star Rare
Celestial Guardians,A3,30th April 2025,239,Solgaleo,Alolan Raichu ex,203,Double Star Rare
Celestial Guardians,A3,30th April 2025,239,Solgaleo,Solgaleo ex,207,Double Star Rare
Celestial Guardians,A3,30th April 2025,239,Solgaleo,Lillie,209,Triple Star Rare
Celestial Guardians,A3,30th April 2025,239,Solgaleo,Bulbasaur,210,Star Rare
Celestial Guardians,A3,30th April 2025,239,Solgaleo,Ivysaur,211,Star Rare
Celestial Guardians,A3,30th April 2025,239,Solgaleo,Venusaur,212,Star Rare
Celestial Guardians,A3,30th April 2025,239,Solgaleo,Staryu,218,Star Rare
Celestial Guardians,A3,30th April 2025,239,Solgaleo,Starmie,219,Star Rare
Celestial Guardians,A3,30th April 2025,239,Solgaleo,Machop,223,Star Rare
Celestial Guardians,A3,30th April 2025,239,Solgaleo,Machoke,224,Star Rare
Celestial Guardians,A3,30th April 2025,239,Solgaleo,Machamp,225,Star Rare
Celestial Guardians,A3,30th April 2025,239,Solgaleo,Jigglypuff,228,Star Rare
Celestial Guardians,A3,30th April 2025,239,Solgaleo,Wigglytuff,229,Star Rare
Celestial Guardians,A3,30th April 2025,239,Solgaleo,Venusaur ex,230,Double Star Rare
Celestial Guardians,A3,30th April 2025,239,Solgaleo,Starmie ex,233,Double Star Rare
Celestial Guardians,A3,30th April 2025,239,Solgaleo,Machamp ex,235,Double Star Rare
Celestial Guardians,A3,30th April 2025,239,Solgaleo,Wigglytuff ex,237,Double Star Rare
Celestial Guardians,A3,30th April 2025,239,Solgaleo,Lunala ex,238,Crown Rare
Celestial Guardians,A3,30th April 2025,239,Solgaleo,Solgaleo ex,239,Crown Rare
Shining Revelry,A2b,27th March 2025,111,Shining Revelry,Weedle,1,Common
Shining Revelry,A2b,27th March 2025,111,Shining Revelry,Kakuna,2,Uncommon
Shining Revelry,A2b,27th March 2025,111,Shining Revelry,Beedrill ex,3,Ultra Rare
Shining Revelry,A2b,27th March 2025,111,Shining Revelry,Pinsir,4,Common
Shining Revelry,A2b,27th March 2025,111,Shining Revelry,Sprigatito,5,Common
Shining Revelry,A2b,27th March 2025,111,Shining Revelry,Floragato,6,Uncommon
Shining Revelry,A2b,27th March 2025,111,Shining Revelry,Meowscarada,7,Rare
Shining Revelry,A2b,27th March 2025,111,Shining Revelry,Charmander,8,Common
Shining Revelry,A2b,27th March 2025,111,Shining Revelry,Charmeleon,9,Uncommon
Shining Revelry,A2b,27th March 2025,111,Shining Revelry,Charizard ex,10,Ultra Rare
Shining Revelry,A2b,27th March 2025,111,Shining Revelry,Magmar,11,Common
Shining Revelry,A2b,27th March 2025,111,Shining Revelry,Magmortar,12,Rare
Shining Revelry,A2b,27th March 2025,111,Shining Revelry,Paldean Tauros,13,Uncommon
Shining Revelry,A2b,27th March 2025,111,Shining Revelry,Tentacool,14,Common
Shining Revelry,A2b,27th March 2025,111,Shining Revelry,Tentacruel,15,Uncommon
Shining Revelry,A2b,27th March 2025,111,Shining Revelry,Buizel,16,Common
Shining Revelry,A2b,27th March 2025,111,Shining Revelry,Floatzel,17,Uncommon
Shining Revelry,A2b,27th March 2025,111,Shining Revelry,Wiglett,18,Common
Shining Revelry,A2b,27th March 2025,111,Shining Revelry,Wugtrio ex,19,Ultra Rare
Shining Revelry,A2b,27th March 2025,111,Shining Revelry,Dondozo,20,Rare
Shining Revelry,A2b,27th March 2025,111,Shining Revelry,Tatsugiri,21,Uncommon
Shining Revelry,A2b,27th March 2025,111,Shining Revelry,Pikachu ex,22,Ultra Rare
Shining Revelry,A2b,27th March 2025,111,Shining Revelry,Voltorb,23,Common
Shining Revelry,A2b,27th March 2025,111,Shining Revelry,Electrode,24,Uncommon
Shining Revelry,A2b,27th March 2025,111,Shining Revelry,Pachirisu,25,Uncommon
Shining Revelry,A2b,27th March 2025,111,Shining Revelry,Pawmi,26,Common
Shining Revelry,A2b,27th March 2025,111,Shining Revelry,Pawmo,27,Uncommon
Shining Revelry,A2b,27th March 2025,111,Shining Revelry,Pawmot,28,Rare
Shining Revelry,A2b,27th March 2025,111,Shining Revelry,Abra,29,Common
Shining Revelry,A2b,27th March 2025,111,Shining Revelry,Kadabra,30,Uncommon
Shining Revelry,A2b,27th March 2025,111,Shining Revelry,Alakazam,31,Rare
Shining Revelry,A2b,27th March 2025,111,Shining Revelry,Mr. Mime,32,Common
Shining Revelry,A2b,27th March 2025,111,Shining Revelry,Drifloon,33,Common
Shining Revelry,A2b,27th March 2025,111,Shining Revelry,Drifblim,34,Uncommon
Shining Revelry,A2b,27th March 2025,111,Shining Revelry,Giratina ex,35,Ultra Rare
Shining Revelry,A2b,27th March 2025,111,Shining Revelry,Gimmighoul,36,Common
Shining Revelry,A2b,27th March 2025,111,Shining Revelry,Machop,37,Common
Shining Revelry,A2b,27th March 2025,111,Shining Revelry,Machoke,38,Common
Shining Revelry,A2b,27th March 2025,111,Shining Revelry,Machamp,39,Rare
Shining Revelry,A2b,27th March 2025,111,Shining Revelry,Hitmonlee,40,Common
Shining Revelry,A2b,27th March 2025,111,Shining Revelry,Hitmonchan,41,Common
Shining Revelry,A2b,27th March 2025,111,Shining Revelry,Riolu,42,Common
Shining Revelry,A2b,27th March 2025,111,Shining Revelry,Lucario ex,43,Ultra Rare
Shining Revelry,A2b,27th March 2025,111,Shining Revelry,Flamigo,44,Uncommon
Shining Revelry,A2b,27th March 2025,111,Shining Revelry,Ekans,45,Common
Shining Revelry,A2b,27th March 2025,111,Shining Revelry,Arbok,46,Uncommon
Shining Revelry,A2b,27th March 2025,111,Shining Revelry,Paldean Wooper,47,Common
Shining Revelry,A2b,27th March 2025,111,Shining Revelry,Paldean Clodsire ex,48,Ultra Rare
Shining Revelry,A2b,27th March 2025,111,Shining Revelry,Spiritomb,49,Uncommon
Shining Revelry,A2b,27th March 2025,111,Shining Revelry,Shroodle,50,Common
Shining Revelry,A2b,27th March 2025,111,Shining Revelry,Grafaiai,51,Rare
Shining Revelry,A2b,27th March 2025,111,Shining Revelry,Tinkatink,52,Common
Shining Revelry,A2b,27th March 2025,111,Shining Revelry,Tinkatuff,53,Uncommon
Shining Revelry,A2b,27th March 2025,111,Shining Revelry,Tinkaton ex,54,Ultra Rare
Shining Revelry,A2b,27th March 2025,111,Shining Revelry,Varoom,55,Common
Shining Revelry,A2b,27th March 2025,111,Shining Revelry,Revavroom,56,Uncommon
Shining Revelry,A2b,27th March 2025,111,Shining Revelry,Gholdengo,57,Rare
Shining Revelry,A2b,27th March 2025,111,Shining Revelry,Rattata,58,Common
Shining Revelry,A2b,27th March 2025,111,Shining Revelry,Raticate,59,Common
Shining Revelry,A2b,27th March 2025,111,Shining Revelry,Jigglypuff,60,Common
Shining Revelry,A2b,27th March 2025,111,Shining Revelry,Wigglytuff,61,Rare
Shining Revelry,A2b,27th March 2025,111,Shining Revelry,Lickitung,62,Common
Shining Revelry,A2b,27th March 2025,111,Shining Revelry,Lickilicky,63,Common
Shining Revelry,A2b,27th March 2025,111,Shining Revelry,Bidoof,64,Common
Shining Revelry,A2b,27th March 2025,111,Shining Revelry,Bibarel ex,65,Ultra Rare
Shining Revelry,A2b,27th March 2025,111,Shining Revelry,Buneary,66,Common
Shining Revelry,A2b,27th March 2025,111,Shining Revelry,Lopunny,67,Common
Shining Revelry,A2b,27th March 2025,111,Shining Revelry,Cyclizar,68,Uncommon
Shining Revelry,A2b,27th March 2025,111,Shining Revelry,Iono,69,Uncommon
Shining Revelry,A2b,27th March 2025,111,Shining Revelry,Pokémon Center Lady,70,Uncommon
Shining Revelry,A2b,27th March 2025,111,Shining Revelry,Red,71,Uncommon
Shining Revelry,A2b,27th March 2025,111,Shining Revelry,Team Rocket Grunt,72,Uncommon
Shining Revelry,A2b,27th March 2025,111,Shining Revelry,Meowscarada,73,Star Rare
Shining Revelry,A2b,27th March 2025,111,Shining Revelry,Buizel,74,Star Rare
Shining Revelry,A2b,27th March 2025,111,Shining Revelry,Tatsugiri,75,Star Rare
Shining Revelry,A2b,27th March 2025,111,Shining Revelry,Grafaiai,76,Star Rare
Shining Revelry,A2b,27th March 2025,111,Shining Revelry,Gholdengo,77,Star Rare
Shining Revelry,A2b,27th March 2025,111,Shining Revelry,Wigglytuff,78,Star Rare
Shining Revelry,A2b,27th March 2025,111,Shining Revelry,Beedrill ex,79,Double Star Rare
Shining Revelry,A2b,27th March 2025,111,Shining Revelry,Charizard ex,80,Double Star Rare
Shining Revelry,A2b,27th March 2025,111,Shining Revelry,Wugtrio ex,81,Double Star Rare
Shining Revelry,A2b,27th March 2025,111,Shining Revelry,Pikachu ex,82,Double Star Rare
Shining Revelry,A2b,27th March 2025,111,Shining Revelry,Giratina ex,83,Double Star Rare
Shining Revelry,A2b,27th March 2025,111,Shining Revelry,Lucario ex,84,Double Star Rare
Shining Revelry,A2b,27th March 2025,111,Shining Revelry,Paldean Clodsire ex,85,Double Star Rare
Shining Revelry,A2b,27th March 2025,111,Shining Revelry,Tinkaton ex,86,Double Star Rare
Shining Revelry,A2b,27th March 2025,111,Shining Revelry,Bibarel ex,87,Double Star Rare
Shining Revelry,A2b,27th March 2025,111,Shining Revelry,Iono,88,Double Star Rare
Shining Revelry,A2b,27th March 2025,111,Shining Revelry,Pokémon Center Lady,89,Double Star Rare
Shining Revelry,A2b,27th March 2025,111,Shining Revelry,Red,90,Double Star Rare
Shining Revelry,A2b,27th March 2025,111,Shining Revelry,Team Rocket Grunt,91,Double Star Rare
Shining Revelry,A2b,27th March 2025,111,Shining Revelry,Pikachu ex,92,Double Star Rare
Shining Revelry,A2b,27th March 2025,111,Shining Revelry,Paldean Clodsire ex,93,Double Star Rare
Shining Revelry,A2b,27th March 2025,111,Shining Revelry,Tinkaton ex,94,Double Star Rare
Shining Revelry,A2b,27th March 2025,111,Shining Revelry,Bibarel ex,95,Double Star Rare
Shining Revelry,A2b,27th March 2025,111,Shining Revelry,Giratina ex,96,Triple Star Rare
Shining Revelry,A2b,27th March 2025,111,Shining Revelry,Weedle,97,Star Rare
Shining Revelry,A2b,27th March 2025,111,Shining Revelry,Kakuna,98,Star Rare
Shining Revelry,A2b,27th March 2025,111,Shining Revelry,Charmander,99,Star Rare
Shining Revelry,A2b,27th March 2025,111,Shining Revelry,Charmeleon,100,Star Rare
Shining Revelry,A2b,27th March 2025,111,Shining Revelry,Wiglett,101,Star Rare
Shining Revelry,A2b,27th March 2025,111,Shining Revelry,Dondozo,102,Star Rare
Shining Revelry,A2b,27th March 2025,111,Shining Revelry,Pachirisu,103,Star Rare
Shining Revelry,A2b,27th March 2025,111,Shining Revelry,Riolu,104,Star Rare
Shining Revelry,A2b,27th March 2025,111,Shining Revelry,Varoom,105,Star Rare
Shining Revelry,A2b,27th March 2025,111,Shining Revelry,Revavroom,106,Star Rare
Shining Revelry,A2b,27th March 2025,111,Shining Revelry,Beedrill ex,107,Double Star Rare
Shining Revelry,A2b,27th March 2025,111,Shining Revelry,Charizard ex,108,Double Star Rare
Shining Revelry,A2b,27th March 2025,111,Shining Revelry,Wugtrio ex,109,Double Star Rare
Shining Revelry,A2b,27th March 2025,111,Shining Revelry,Lucario ex,110,Double Star Rare
Shining Revelry,A2b,27th March 2025,111,Shining Revelry,Poké Ball,111,Crown Rare
Triumphant Light,A2a,28th February 2025,96,Triumphant Light,Heracross,1,Uncommon
Triumphant Light,A2a,28th February 2025,96,Triumphant Light,Burmy,2,Common
Triumphant Light,A2a,28th February 2025,96,Triumphant Light,Mothim,3,Uncommon
Triumphant Light,A2a,28th February 2025,96,Triumphant Light,Combee,4,Common
Triumphant Light,A2a,28th February 2025,96,Triumphant Light,Vespiquen,5,Uncommon
Triumphant Light,A2a,28th February 2025,96,Triumphant Light,Cherubi,6,Common
Triumphant Light,A2a,28th February 2025,96,Triumphant Light,Cherrim,7,Uncommon
Triumphant Light,A2a,28th February 2025,96,Triumphant Light,Cherrim,8,Uncommon
Triumphant Light,A2a,28th February 2025,96,Triumphant Light,Carnivine,9,Rare
Triumphant Light,A2a,28th February 2025,96,Triumphant Light,Leafeon ex,10,Ultra Rare
Triumphant Light,A2a,28th February 2025,96,Triumphant Light,Houndour,11,Common
Triumphant Light,A2a,28th February 2025,96,Triumphant Light,Houndoom,12,Uncommon
Triumphant Light,A2a,28th February 2025,96,Triumphant Light,Heatran,13,Rare
Triumphant Light,A2a,28th February 2025,96,Triumphant Light,Marill,14,Common
Triumphant Light,A2a,28th February 2025,96,Triumphant Light,Azumarill,15,Common
Triumphant Light,A2a,28th February 2025,96,Triumphant Light,Barboach,16,Common
Triumphant Light,A2a,28th February 2025,96,Triumphant Light,Whiscash,17,Uncommon
Triumphant Light,A2a,28th February 2025,96,Triumphant Light,Snorunt,18,Common
Triumphant Light,A2a,28th February 2025,96,Triumphant Light,Froslass,19,Uncommon
Triumphant Light,A2a,28th February 2025,96,Triumphant Light,Snover,20,Common
Triumphant Light,A2a,28th February 2025,96,Triumphant Light,Abomasnow,21,Rare
Triumphant Light,A2a,28th February 2025,96,Triumphant Light,Glaceon ex,22,Ultra Rare
Triumphant Light,A2a,28th February 2025,96,Triumphant Light,Origin Forme Palkia,23,Rare
Triumphant Light,A2a,28th February 2025,96,Triumphant Light,Phione,24,Uncommon
Triumphant Light,A2a,28th February 2025,96,Triumphant Light,Pikachu,25,Common
Triumphant Light,A2a,28th February 2025,96,Triumphant Light,Raichu,26,Rare
Triumphant Light,A2a,28th February 2025,96,Triumphant Light,Electrike,27,Common
Triumphant Light,A2a,28th February 2025,96,Triumphant Light,Manectric,28,Uncommon
Triumphant Light,A2a,28th February 2025,96,Triumphant Light,Clefairy,29,Common
Triumphant Light,A2a,28th February 2025,96,Triumphant Light,Clefable,30,Uncommon
Triumphant Light,A2a,28th February 2025,96,Triumphant Light,Gastly,31,Common
Triumphant Light,A2a,28th February 2025,96,Triumphant Light,Haunter,32,Common
Triumphant Light,A2a,28th February 2025,96,Triumphant Light,Gengar,33,Uncommon
Triumphant Light,A2a,28th February 2025,96,Triumphant Light,Unown,34,Uncommon
Triumphant Light,A2a,28th February 2025,96,Triumphant Light,Rotom,35,Rare
Triumphant Light,A2a,28th February 2025,96,Triumphant Light,Sudowoodo,36,Uncommon
Triumphant Light,A2a,28th February 2025,96,Triumphant Light,Phanpy,37,Common
Triumphant Light,A2a,28th February 2025,96,Triumphant Light,Donphan,38,Uncommon
Triumphant Light,A2a,28th February 2025,96,Triumphant Light,Larvitar,39,Common
Triumphant Light,A2a,28th February 2025,96,Triumphant Light,Pupitar,40,Uncommon
Triumphant Light,A2a,28th February 2025,96,Triumphant Light,Tyranitar,41,Rare
Triumphant Light,A2a,28th February 2025,96,Triumphant Light,Nosepass,42,Common
Triumphant Light,A2a,28th February 2025,96,Triumphant Light,Meditite,43,Common
Triumphant Light,A2a,28th February 2025,96,Triumphant Light,Medicham,44,Uncommon
Triumphant Light,A2a,28th February 2025,96,Triumphant Light,Gible,45,Common
Triumphant Light,A2a,28th February 2025,96,Triumphant Light,Gabite,46,Common
Triumphant Light,A2a,28th February 2025,96,Triumphant Light,Garchomp ex,47,Ultra Rare
Triumphant Light,A2a,28th February 2025,96,Triumphant Light,Zubat,48,Common
Triumphant Light,A2a,28th February 2025,96,Triumphant Light,Golbat,49,Common
Triumphant Light,A2a,28th February 2025,96,Triumphant Light,Crobat,50,Rare
Triumphant Light,A2a,28th February 2025,96,Triumphant Light,Croagunk,51,Common
Triumphant Light,A2a,28th February 2025,96,Triumphant Light,Toxicroak,52,Uncommon
Triumphant Light,A2a,28th February 2025,96,Triumphant Light,Magnemite,53,Common
Triumphant Light,A2a,28th February 2025,96,Triumphant Light,Magneton,54,Common
Triumphant Light,A2a,28th February 2025,96,Triumphant Light,Magnezone,55,Rare
Triumphant Light,A2a,28th February 2025,96,Triumphant Light,Mawile,56,Common
Triumphant Light,A2a,28th February 2025,96,Triumphant Light,Probopass ex,57,Ultra Rare
Triumphant Light,A2a,28th February 2025,96,Triumphant Light,Bronzor,58,Common
Triumphant Light,A2a,28th February 2025,96,Triumphant Light,Bronzong,59,Uncommon
Triumphant Light,A2a,28th February 2025,96,Triumphant Light,Origin Forme Dialga,60,Rare
Triumphant Light,A2a,28th February 2025,96,Triumphant Light,Giratina,61,Rare
Triumphant Light,A2a,28th February 2025,96,Triumphant Light,Eevee,62,Common
Triumphant Light,A2a,28th February 2025,96,Triumphant Light,Snorlax,63,Uncommon
Triumphant Light,A2a,28th February 2025,96,Triumphant Light,Hoothoot,64,Common
Triumphant Light,A2a,28th February 2025,96,Triumphant Light,Noctowl,65,Uncommon
Triumphant Light,A2a,28th February 2025,96,Triumphant Light,Starly,66,Common
Triumphant Light,A2a,28th February 2025,96,Triumphant Light,Staravia,67,Common
Triumphant Light,A2a,28th February 2025,96,Triumphant Light,Staraptor,68,Uncommon
Triumphant Light,A2a,28th February 2025,96,Triumphant Light,Shaymin,69,Rare
Triumphant Light,A2a,28th February 2025,96,Triumphant Light,Arceus,70,Rare
Triumphant Light,A2a,28th February 2025,96,Triumphant Light,Arceus ex,71,Ultra Rare
Triumphant Light,A2a,28th February 2025,96,Triumphant Light,Irida,72,Uncommon
Triumphant Light,A2a,28th February 2025,96,Triumphant Light,Celestic Town Elder,73,Uncommon
Triumphant Light,A2a,28th February 2025,96,Triumphant Light,Barry,74,Uncommon
Triumphant Light,A2a,28th February 2025,96,Triumphant Light,Adaman,75,Uncommon
Triumphant Light,A2a,28th February 2025,96,Triumphant Light,Houndoom,76,Star Rare
Triumphant Light,A2a,28th February 2025,96,Triumphant Light,Marill,77,Star Rare
Triumphant Light,A2a,28th February 2025,96,Triumphant Light,Unown,78,Star Rare
Triumphant Light,A2a,28th February 2025,96,Triumphant Light,Sudowoodo,79,Star Rare
Triumphant Light,A2a,28th February 2025,96,Triumphant Light,Magnemite,80,Star Rare
Triumphant Light,A2a,28th February 2025,96,Triumphant Light,Shaymin,81,Star Rare
Triumphant Light,A2a,28th February 2025,96,Triumphant Light,Leafeon ex,82,Double Star Rare
Triumphant Light,A2a,28th February 2025,96,Triumphant Light,Glaceon ex,83,Double Star Rare
Triumphant Light,A2a,28th February 2025,96,Triumphant Light,Garchomp ex,84,Double Star Rare
Triumphant Light,A2a,28th February 2025,96,Triumphant Light,Probopass ex,85,Double Star Rare
Triumphant Light,A2a,28th February 2025,96,Triumphant Light,Arceus ex,86,Double Star Rare
Triumphant Light,A2a,28th February 2025,96,Triumphant Light,Irida,87,Double Star Rare
Triumphant Light,A2a,28th February 2025,96,Triumphant Light,Celestic Town Elder,88,Double Star Rare
Triumphant Light,A2a,28th February 2025,96,Triumphant Light,Barry,89,Double Star Rare
Triumphant Light,A2a,28th February 2025,96,Triumphant Light,Adaman,90,Double Star Rare
Triumphant Light,A2a,28th February 2025,96,Triumphant Light,Leafeon ex,91,Double Star Rare
Triumphant Light,A2a,28th February 2025,96,Triumphant Light,Glaceon ex,92,Double Star Rare
Triumphant Light,A2a,28th February 2025,96,Triumphant Light,Garchomp ex,93,Double Star Rare
Triumphant Light,A2a,28th February 2025,96,Triumphant Light,Probopass ex,94,Double Star Rare
Triumphant Light,A2a,28th February 2025,96,Triumphant Light,Arceus ex,95,Triple Star Rare
Triumphant Light,A2a,28th February 2025,96,Triumphant Light,Arceus ex,96,Crown Rare
Space-Time Smackdown,A2,29th January 2025,207,Dialga,Oddish,1,Common
Space-Time Smackdown,A2,29th January 2025,207,Dialga,Gloom,2,Common
Space-Time Smackdown,A2,29th January 2025,207,Dialga,Bellossom,3,Uncommon
Space-Time Smackdown,A2,29th January 2025,207,Dialga,Tangela,4,Common
Space-Time Smackdown,A2,29th January 2025,207,Dialga,Tangrowth,5,Uncommon
Space-Time Smackdown,A2,29th January 2025,207,Dialga,Yanma,6,Common
Space-Time Smackdown,A2,29th January 2025,207,Dialga,Yanmega ex,7,Ultra Rare
Space-Time Smackdown,A2,29th January 2025,207,Dialga,Roselia,8,Common
Space-Time Smackdown,A2,29th January 2025,207,Dialga,Roserade,9,Uncommon
Space-Time Smackdown,A2,29th January 2025,207,Dialga,Burmy,15,Common
Space-Time Smackdown,A2,29th January 2025,207,Dialga,Wormadam,16,Common
Space-Time Smackdown,A2,29th January 2025,207,Dialga,Combee,17,Common
Space-Time Smackdown,A2,29th January 2025,207,Dialga,Vespiquen,18,Uncommon
Space-Time Smackdown,A2,29th January 2025,207,Dialga,Leafeon,20,Rare
Space-Time Smackdown,A2,29th January 2025,207,Dialga,Mow Rotom,21,Common
Space-Time Smackdown,A2,29th January 2025,207,Dialga,Shaymin,22,Rare
Space-Time Smackdown,A2,29th January 2025,207,Dialga,Slugma,25,Common
Space-Time Smackdown,A2,29th January 2025,207,Dialga,Magcargo,26,Uncommon
Space-Time Smackdown,A2,29th January 2025,207,Dialga,Heat Rotom,30,Common
Space-Time Smackdown,A2,29th January 2025,207,Dialga,Swinub,31,Common
Space-Time Smackdown,A2,29th January 2025,207,Dialga,Piloswine,32,Uncommon
Space-Time Smackdown,A2,29th January 2025,207,Dialga,Mamoswine,33,Rare
Space-Time Smackdown,A2,29th January 2025,207,Dialga,Buizel,38,Common
Space-Time Smackdown,A2,29th January 2025,207,Dialga,Floatzel,39,Uncommon
Space-Time Smackdown,A2,29th January 2025,207,Dialga,Finneon,42,Common
Space-Time Smackdown,A2,29th January 2025,207,Dialga,Lumineon,43,Uncommon
Space-Time Smackdown,A2,29th January 2025,207,Dialga,Snover,44,Common
Space-Time Smackdown,A2,29th January 2025,207,Dialga,Abomasnow,45,Uncommon
Space-Time Smackdown,A2,29th January 2025,207,Dialga,Wash Rotom,47,Common
Space-Time Smackdown,A2,29th January 2025,207,Dialga,Frost Rotom,48,Common
Space-Time Smackdown,A2,29th January 2025,207,Dialga,Magnemite,51,Common
Space-Time Smackdown,A2,29th January 2025,207,Dialga,Magneton,52,Uncommon
Space-Time Smackdown,A2,29th January 2025,207,Dialga,Magnezone,53,Rare
Space-Time Smackdown,A2,29th January 2025,207,Dialga,Voltorb,54,Common
Space-Time Smackdown,A2,29th January 2025,207,Dialga,Electrode,55,Uncommon
Space-Time Smackdown,A2,29th January 2025,207,Dialga,Electabuzz,56,Common
Space-Time Smackdown,A2,29th January 2025,207,Dialga,Electivire,57,Rare
Space-Time Smackdown,A2,29th January 2025,207,Dialga,Shinx,58,Common
Space-Time Smackdown,A2,29th January 2025,207,Dialga,Luxio,59,Uncommon
Space-Time Smackdown,A2,29th January 2025,207,Dialga,Luxray,60,Rare
Space-Time Smackdown,A2,29th January 2025,207,Dialga,Pachirisu ex,61,Ultra Rare
Space-Time Smackdown,A2,29th January 2025,207,Dialga,Togepi,63,Common
Space-Time Smackdown,A2,29th January 2025,207,Dialga,Togetic,64,Uncommon
Space-Time Smackdown,A2,29th January 2025,207,Dialga,Togekiss,65,Rare
Space-Time Smackdown,A2,29th January 2025,207,Dialga,Ralts,68,Common
Space-Time Smackdown,A2,29th January 2025,207,Dialga,Kirlia,69,Common
Space-Time Smackdown,A2,29th January 2025,207,Dialga,Duskull,70,Common
Space-Time Smackdown,A2,29th January 2025,207,Dialga,Dusclops,71,Uncommon
Space-Time Smackdown,A2,29th January 2025,207,Dialga,Dusknoir,72,Rare
Space-Time Smackdown,A2,29th January 2025,207,Dialga,Drifloon,73,Common
Space-Time Smackdown,A2,29th January 2025,207,Dialga,Drifblim,74,Uncommon
Space-Time Smackdown,A2,29th January 2025,207,Dialga,Uxie,75,Uncommon
Space-Time Smackdown,A2,29th January 2025,207,Dialga,Mesprit,76,Rare
Space-Time Smackdown,A2,29th January 2025,207,Dialga,Azelf,77,Uncommon
Space-Time Smackdown,A2,29th January 2025,207,Dialga,Gligar,83,Common
Space-Time Smackdown,A2,29th January 2025,207,Dialga,Gliscor,84,Uncommon
Space-Time Smackdown,A2,29th January 2025,207,Dialga,Hitmontop,85,Common
Space-Time Smackdown,A2,29th January 2025,207,Dialga,Nosepass,86,Common
Space-Time Smackdown,A2,29th January 2025,207,Dialga,Regirock,87,Uncommon
Space-Time Smackdown,A2,29th January 2025,207,Dialga,Cranidos,88,Uncommon
Space-Time Smackdown,A2,29th January 2025,207,Dialga,Rampardos,89,Rare
Space-Time Smackdown,A2,29th January 2025,207,Dialga,Wormadam,90,Common
Space-Time Smackdown,A2,29th January 2025,207,Dialga,Riolu,91,Common
Space-Time Smackdown,A2,29th January 2025,207,Dialga,Lucario,92,Rare
Space-Time Smackdown,A2,29th January 2025,207,Dialga,Gallade ex,95,Ultra Rare
Space-Time Smackdown,A2,29th January 2025,207,Dialga,Murkrow,96,Common
Space-Time Smackdown,A2,29th January 2025,207,Dialga,Honchkrow,97,Uncommon
Space-Time Smackdown,A2,29th January 2025,207,Dialga,Poochyena,100,Common
Space-Time Smackdown,A2,29th January 2025,207,Dialga,Mightyena,101,Uncommon
Space-Time Smackdown,A2,29th January 2025,207,Dialga,Stunky,102,Common
Space-Time Smackdown,A2,29th January 2025,207,Dialga,Skuntank,103,Uncommon
Space-Time Smackdown,A2,29th January 2025,207,Dialga,Skorupi,105,Common
Space-Time Smackdown,A2,29th January 2025,207,Dialga,Drapion,106,Uncommon
Space-Time Smackdown,A2,29th January 2025,207,Dialga,Croagunk,107,Common
Space-Time Smackdown,A2,29th January 2025,207,Dialga,Toxicroak,108,Uncommon
Space-Time Smackdown,A2,29th January 2025,207,Dialga,Darkrai,109,Rare
Space-Time Smackdown,A2,29th January 2025,207,Dialga,Darkrai ex,110,Ultra Rare
Space-Time Smackdown,A2,29th January 2025,207,Dialga,Skarmory,111,Uncommon
Space-Time Smackdown,A2,29th January 2025,207,Dialga,Registeel,112,Uncommon
Space-Time Smackdown,A2,29th January 2025,207,Dialga,Bronzor,116,Common
Space-Time Smackdown,A2,29th January 2025,207,Dialga,Bronzong,117,Uncommon
Space-Time Smackdown,A2,29th January 2025,207,Dialga,Probopass,118,Uncommon
Space-Time Smackdown,A2,29th January 2025,207,Dialga,Dialga ex,119,Ultra Rare
Space-Time Smackdown,A2,29th January 2025,207,Dialga,Heatran,120,Rare
Space-Time Smackdown,A2,29th January 2025,207,Dialga,Eevee,126,Common
Space-Time Smackdown,A2,29th January 2025,207,Dialga,Aipom,130,Common
Space-Time Smackdown,A2,29th January 2025,207,Dialga,Ambipom,131,Common
Space-Time Smackdown,A2,29th January 2025,207,Dialga,Bidoof,135,Common
Space-Time Smackdown,A2,29th January 2025,207,Dialga,Bibarel,136,Common
Space-Time Smackdown,A2,29th January 2025,207,Dialga,Buneary,137,Common
Space-Time Smackdown,A2,29th January 2025,207,Dialga,Lopunny,138,Common
Space-Time Smackdown,A2,29th January 2025,207,Dialga,Fan Rotom,142,Common
Space-Time Smackdown,A2,29th January 2025,207,Dialga,Regigigas,143,Rare
Space-Time Smackdown,A2,29th January 2025,207,Dialga,Skull Fossil,144,Common
Space-Time Smackdown,A2,29th January 2025,207,Dialga,Pokémon Communication,146,Uncommon
Space-Time Smackdown,A2,29th January 2025,207,Dialga,Giant Cape,147,Uncommon
Space-Time Smackdown,A2,29th January 2025,207,Dialga,Team Galactic Grunt,151,Uncommon
Space-Time Smackdown,A2,29th January 2025,207,Dialga,Volkner,153,Uncommon
Space-Time Smackdown,A2,29th January 2025,207,Dialga,Dawn,154,Uncommon
Space-Time Smackdown,A2,29th January 2025,207,Dialga,Tangrowth,156,Star Rare
Space-Time Smackdown,A2,29th January 2025,207,Dialga,Combee,157,Star Rare
Space-Time Smackdown,A2,29th January 2025,207,Dialga,Shaymin,159,Star Rare
Space-Time Smackdown,A2,29th January 2025,207,Dialga,Mamoswine,160,Star Rare
Space-Time Smackdown,A2,29th January 2025,207,Dialga,Shinx,163,Star Rare
Space-Time Smackdown,A2,29th January 2025,207,Dialga,Drifloon,165,Star Rare
Space-Time Smackdown,A2,29th January 2025,207,Dialga,Mesprit,166,Star Rare
Space-Time Smackdown,A2,29th January 2025,207,Dialga,Lucario,170,Star Rare
Space-Time Smackdown,A2,29th January 2025,207,Dialga,Croagunk,173,Star Rare
Space-Time Smackdown,A2,29th January 2025,207,Dialga,Heatran,174,Star Rare
Space-Time Smackdown,A2,29th January 2025,207,Dialga,Bidoof,177,Star Rare
Space-Time Smackdown,A2,29th January 2025,207,Dialga,Regigigas,179,Star Rare
Space-Time Smackdown,A2,29th January 2025,207,Dialga,Yanmega ex,180,Double Star Rare
Space-Time Smackdown,A2,29th January 2025,207,Dialga,Pachirisu ex,183,Double Star Rare
Space-Time Smackdown,A2,29th January 2025,207,Dialga,Gallade ex,185,Double Star Rare
Space-Time Smackdown,A2,29th January 2025,207,Dialga,Darkrai ex,187,Double Star Rare
Space-Time Smackdown,A2,29th January 2025,207,Dialga,Dialga ex,188,Double Star Rare
Space-Time Smackdown,A2,29th January 2025,207,Dialga,Team Galactic Grunt,191,Double Star Rare
Space-Time Smackdown,A2,29th January 2025,207,Dialga,Volkner,193,Double Star Rare
Space-Time Smackdown,A2,29th January 2025,207,Dialga,Dawn,194,Double Star Rare
Space-Time Smackdown,A2,29th January 2025,207,Dialga,Yanmega ex,196,Double Star Rare
Space-Time Smackdown,A2,29th January 2025,207,Dialga,Pachirisu ex,198,Double Star Rare
Space-Time Smackdown,A2,29th January 2025,207,Dialga,Gallade ex,200,Double Star Rare
Space-Time Smackdown,A2,29th January 2025,207,Dialga,Darkrai ex,202,Double Star Rare
Space-Time Smackdown,A2,29th January 2025,207,Dialga,Dialga ex,205,Triple Star Rare
Space-Time Smackdown,A2,29th January 2025,207,Dialga,Palkia ex,206,Crown Rare
Space-Time Smackdown,A2,29th January 2025,207,Dialga,Dialga ex,207,Crown Rare
Space-Time Smackdown,A2,29th January 2025,207,Palkia,Oddish,1,Common
Space-Time Smackdown,A2,29th January 2025,207,Palkia,Gloom,2,Common
Space-Time Smackdown,A2,29th January 2025,207,Palkia,Bellossom,3,Uncommon
Space-Time Smackdown,A2,29th January 2025,207,Palkia,Roselia,8,Common
Space-Time Smackdown,A2,29th January 2025,207,Palkia,Roserade,9,Uncommon
Space-Time Smackdown,A2,29th January 2025,207,Palkia,Turtwig,10,Common
Space-Time Smackdown,A2,29th January 2025,207,Palkia,Grotle,11,Uncommon
Space-Time Smackdown,A2,29th January 2025,207,Palkia,Torterra,12,Rare
Space-Time Smackdown,A2,29th January 2025,207,Palkia,Kricketot,13,Common
Space-Time Smackdown,A2,29th January 2025,207,Palkia,Kricketune,14,Common
Space-Time Smackdown,A2,29th January 2025,207,Palkia,Burmy,15,Common
Space-Time Smackdown,A2,29th January 2025,207,Palkia,Wormadam,16,Common
Space-Time Smackdown,A2,29th January 2025,207,Palkia,Carnivine,19,Uncommon
Space-Time Smackdown,A2,29th January 2025,207,Palkia,Mow Rotom,21,Common
Space-Time Smackdown,A2,29th January 2025,207,Palkia,Magmar,23,Common
Space-Time Smackdown,A2,29th January 2025,207,Palkia,Magmortar,24,Rare
Space-Time Smackdown,A2,29th January 2025,207,Palkia,Slugma,25,Common
Space-Time Smackdown,A2,29th January 2025,207,Palkia,Magcargo,26,Uncommon
Space-Time Smackdown,A2,29th January 2025,207,Palkia,Chimchar,27,Common
Space-Time Smackdown,A2,29th January 2025,207,Palkia,Monferno,28,Uncommon
Space-Time Smackdown,A2,29th January 2025,207,Palkia,Infernape ex,29,Ultra Rare
Space-Time Smackdown,A2,29th January 2025,207,Palkia,Heat Rotom,30,Common
Space-Time Smackdown,A2,29th January 2025,207,Palkia,Regice,34,Uncommon
Space-Time Smackdown,A2,29th January 2025,207,Palkia,Piplup,35,Common
Space-Time Smackdown,A2,29th January 2025,207,Palkia,Prinplup,36,Uncommon
Space-Time Smackdown,A2,29th January 2025,207,Palkia,Empoleon,37,Rare
Space-Time Smackdown,A2,29th January 2025,207,Palkia,Buizel,38,Common
Space-Time Smackdown,A2,29th January 2025,207,Palkia,Floatzel,39,Uncommon
Space-Time Smackdown,A2,29th January 2025,207,Palkia,Shellos,40,Common
Space-Time Smackdown,A2,29th January 2025,207,Palkia,Gastrodon,41,Uncommon
Space-Time Smackdown,A2,29th January 2025,207,Palkia,Finneon,42,Common
Space-Time Smackdown,A2,29th January 2025,207,Palkia,Lumineon,43,Uncommon
Space-Time Smackdown,A2,29th January 2025,207,Palkia,Snover,44,Common
Space-Time Smackdown,A2,29th January 2025,207,Palkia,Abomasnow,45,Uncommon
Space-Time Smackdown,A2,29th January 2025,207,Palkia,Glaceon,46,Rare
Space-Time Smackdown,A2,29th January 2025,207,Palkia,Wash Rotom,47,Common
Space-Time Smackdown,A2,29th January 2025,207,Palkia,Frost Rotom,48,Common
Space-Time Smackdown,A2,29th January 2025,207,Palkia,Palkia ex,49,Ultra Rare
Space-Time Smackdown,A2,29th January 2025,207,Palkia,Manaphy,50,Uncommon
Space-Time Smackdown,A2,29th January 2025,207,Palkia,Magnemite,51,Common
Space-Time Smackdown,A2,29th January 2025,207,Palkia,Magneton,52,Uncommon
Space-Time Smackdown,A2,29th January 2025,207,Palkia,Magnezone,53,Rare
Space-Time Smackdown,A2,29th January 2025,207,Palkia,Voltorb,54,Common
Space-Time Smackdown,A2,29th January 2025,207,Palkia,Electrode,55,Uncommon
Space-Time Smackdown,A2,29th January 2025,207,Palkia,Rotom,62,Common
Space-Time Smackdown,A2,29th January 2025,207,Palkia,Togepi,63,Common
Space-Time Smackdown,A2,29th January 2025,207,Palkia,Togetic,64,Uncommon
Space-Time Smackdown,A2,29th January 2025,207,Palkia,Togekiss,65,Rare
Space-Time Smackdown,A2,29th January 2025,207,Palkia,Misdreavus,66,Common
Space-Time Smackdown,A2,29th January 2025,207,Palkia,Mismagius ex,67,Ultra Rare
Space-Time Smackdown,A2,29th January 2025,207,Palkia,Uxie,75,Uncommon
Space-Time Smackdown,A2,29th January 2025,207,Palkia,Mesprit,76,Rare
Space-Time Smackdown,A2,29th January 2025,207,Palkia,Azelf,77,Uncommon
Space-Time Smackdown,A2,29th January 2025,207,Palkia,Giratina,78,Rare
Space-Time Smackdown,A2,29th January 2025,207,Palkia,Cresselia,79,Rare
Space-Time Smackdown,A2,29th January 2025,207,Palkia,Rhyhorn,80,Common
Space-Time Smackdown,A2,29th January 2025,207,Palkia,Rhydon,81,Uncommon
Space-Time Smackdown,A2,29th January 2025,207,Palkia,Rhyperior,82,Rare
Space-Time Smackdown,A2,29th January 2025,207,Palkia,Nosepass,86,Common
Space-Time Smackdown,A2,29th January 2025,207,Palkia,Regirock,87,Uncommon
Space-Time Smackdown,A2,29th January 2025,207,Palkia,Hippopotas,93,Common
Space-Time Smackdown,A2,29th January 2025,207,Palkia,Hippowdon,94,Uncommon
Space-Time Smackdown,A2,29th January 2025,207,Palkia,Sneasel,98,Common
Space-Time Smackdown,A2,29th January 2025,207,Palkia,Weavile ex,99,Ultra Rare
Space-Time Smackdown,A2,29th January 2025,207,Palkia,Poochyena,100,Common
Space-Time Smackdown,A2,29th January 2025,207,Palkia,Mightyena,101,Uncommon
Space-Time Smackdown,A2,29th January 2025,207,Palkia,Spiritomb,104,Uncommon
Space-Time Smackdown,A2,29th January 2025,207,Palkia,Skorupi,105,Common
Space-Time Smackdown,A2,29th January 2025,207,Palkia,Drapion,106,Uncommon
Space-Time Smackdown,A2,29th January 2025,207,Palkia,Skarmory,111,Uncommon
Space-Time Smackdown,A2,29th January 2025,207,Palkia,Shieldon,113,Uncommon
Space-Time Smackdown,A2,29th January 2025,207,Palkia,Bastiodon,114,Rare
Space-Time Smackdown,A2,29th January 2025,207,Palkia,Wormadam,115,Common
Space-Time Smackdown,A2,29th January 2025,207,Palkia,Probopass,118,Uncommon
Space-Time Smackdown,A2,29th January 2025,207,Palkia,Gible,121,Common
Space-Time Smackdown,A2,29th January 2025,207,Palkia,Gabite,122,Uncommon
Space-Time Smackdown,A2,29th January 2025,207,Palkia,Garchomp,123,Rare
Space-Time Smackdown,A2,29th January 2025,207,Palkia,Lickitung,124,Common
Space-Time Smackdown,A2,29th January 2025,207,Palkia,Lickilicky ex,125,Ultra Rare
Space-Time Smackdown,A2,29th January 2025,207,Palkia,Eevee,126,Common
Space-Time Smackdown,A2,29th January 2025,207,Palkia,Porygon,127,Common
Space-Time Smackdown,A2,29th January 2025,207,Palkia,Porygon2,128,Uncommon
Space-Time Smackdown,A2,29th January 2025,207,Palkia,Porygon-Z,129,Rare
Space-Time Smackdown,A2,29th January 2025,207,Palkia,Aipom,130,Common
Space-Time Smackdown,A2,29th January 2025,207,Palkia,Ambipom,131,Common
Space-Time Smackdown,A2,29th January 2025,207,Palkia,Starly,132,Common
Space-Time Smackdown,A2,29th January 2025,207,Palkia,Staravia,133,Common
Space-Time Smackdown,A2,29th January 2025,207,Palkia,Staraptor,134,Uncommon
Space-Time Smackdown,A2,29th January 2025,207,Palkia,Glameow,139,Common
Space-Time Smackdown,A2,29th January 2025,207,Palkia,Purugly,140,Uncommon
Space-Time Smackdown,A2,29th January 2025,207,Palkia,Chatot,141,Common
Space-Time Smackdown,A2,29th January 2025,207,Palkia,Fan Rotom,142,Common
Space-Time Smackdown,A2,29th January 2025,207,Palkia,Regigigas,143,Rare
Space-Time Smackdown,A2,29th January 2025,207,Palkia,Armor Fossil,145,Common
Space-Time Smackdown,A2,29th January 2025,207,Palkia,Rocky Helmet,148,Uncommon
Space-Time Smackdown,A2,29th January 2025,207,Palkia,Lum Berry,149,Uncommon
Space-Time Smackdown,A2,29th January 2025,207,Palkia,Cyrus,150,Uncommon
Space-Time Smackdown,A2,29th January 2025,207,Palkia,Cynthia,152,Uncommon
Space-Time Smackdown,A2,29th January 2025,207,Palkia,Mars,155,Uncommon
Space-Time Smackdown,A2,29th January 2025,207,Palkia,Carnivine,158,Star Rare
Space-Time Smackdown,A2,29th January 2025,207,Palkia,Gastrodon,161,Star Rare
Space-Time Smackdown,A2,29th January 2025,207,Palkia,Manaphy,162,Star Rare
Space-Time Smackdown,A2,29th January 2025,207,Palkia,Rotom,164,Star Rare
Space-Time Smackdown,A2,29th January 2025,207,Palkia,Giratina,167,Star Rare
Space-Time Smackdown,A2,29th January 2025,207,Palkia,Cresselia,168,Star Rare
Space-Time Smackdown,A2,29th January 2025,207,Palkia,Rhyperior,169,Star Rare
Space-Time Smackdown,A2,29th January 2025,207,Palkia,Hippopotas,171,Star Rare
Space-Time Smackdown,A2,29th January 2025,207,Palkia,Spiritomb,172,Star Rare
Space-Time Smackdown,A2,29th January 2025,207,Palkia,Garchomp,175,Star Rare
Space-Time Smackdown,A2,29th January 2025,207,Palkia,Staraptor,176,Star Rare
Space-Time Smackdown,A2,29th January 2025,207,Palkia,Glameow,178,Star Rare
Space-Time Smackdown,A2,29th January 2025,207,Palkia,Infernape ex,181,Double Star Rare
Space-Time Smackdown,A2,29th January 2025,207,Palkia,Palkia ex,182,Double Star Rare
Space-Time Smackdown,A2,29th January 2025,207,Palkia,Mismagius ex,184,Double Star Rare
Space-Time Smackdown,A2,29th January 2025,207,Palkia,Weavile ex,186,Double Star Rare
Space-Time Smackdown,A2,29th January 2025,207,Palkia,Lickilicky ex,189,Double Star Rare
Space-Time Smackdown,A2,29th January 2025,207,Palkia,Cyrus,190,Double Star Rare
Space-Time Smackdown,A2,29th January 2025,207,Palkia,Cynthia,192,Double Star Rare
Space-Time Smackdown,A2,29th January 2025,207,Palkia,Mars,195,Double Star Rare
Space-Time Smackdown,A2,29th January 2025,207,Palkia,Infernape ex,197,Double Star Rare
Space-Time Smackdown,A2,29th January 2025,207,Palkia,Mismagius ex,199,Double Star Rare
Space-Time Smackdown,A2,29th January 2025,207,Palkia,Weavile ex,201,Double Star Rare
Space-Time Smackdown,A2,29th January 2025,207,Palkia,Lickilicky ex,203,Double Star Rare
Space-Time Smackdown,A2,29th January 2025,207,Palkia,Palkia ex,204,Triple Star Rare
Space-Time Smackdown,A2,29th January 2025,207,Palkia,Palkia ex,206,Crown Rare
Space-Time Smackdown,A2,29th January 2025,207,Palkia,Dialga ex,207,Crown Rare
Mythical Island,A1a,17th December 2024,86,Mythical Island,Exeggcute,1,Common
Mythical Island,A1a,17th December 2024,86,Mythical Island,Exeggutor,2,Uncommon
Mythical Island,A1a,17th December 2024,86,Mythical Island,Celebi ex,3,Ultra Rare
Mythical Island,A1a,17th December 2024,86,Mythical Island,Snivy,4,Common
Mythical Island,A1a,17th December 2024,86,Mythical Island,Servine,5,Uncommon
Mythical Island,A1a,17th December 2024,86,Mythical Island,Serperior,6,Rare
Mythical Island,A1a,17th December 2024,86,Mythical Island,Morelull,7,Common
Mythical Island,A1a,17th December 2024,86,Mythical Island,Shiinotic,8,Uncommon
Mythical Island,A1a,17th December 2024,86,Mythical Island,Dhelmise,9,Uncommon
Mythical Island,A1a,17th December 2024,86,Mythical Island,Ponyta,10,Common
Mythical Island,A1a,17th December 2024,86,Mythical Island,Rapidash,11,Uncommon
Mythical Island,A1a,17th December 2024,86,Mythical Island,Magmar,12,Uncommon
Mythical Island,A1a,17th December 2024,86,Mythical Island,Larvesta,13,Common
Mythical Island,A1a,17th December 2024,86,Mythical Island,Volcarona,14,Rare
Mythical Island,A1a,17th December 2024,86,Mythical Island,Salandit,15,Common
Mythical Island,A1a,17th December 2024,86,Mythical Island,Salazzle,16,Common
Mythical Island,A1a,17th December 2024,86,Mythical Island,Magikarp,17,Common
Mythical Island,A1a,17th December 2024,86,Mythical Island,Gyarados ex,18,Ultra Rare
Mythical Island,A1a,17th December 2024,86,Mythical Island,Vaporeon,19,Rare
Mythical Island,A1a,17th December 2024,86,Mythical Island,Finneon,20,Common
Mythical Island,A1a,17th December 2024,86,Mythical Island,Lumineon,21,Uncommon
Mythical Island,A1a,17th December 2024,86,Mythical Island,Chewtle,22,Common
Mythical Island,A1a,17th December 2024,86,Mythical Island,Drednaw,23,Uncommon
Mythical Island,A1a,17th December 2024,86,Mythical Island,Cramorant,24,Common
Mythical Island,A1a,17th December 2024,86,Mythical Island,Pikachu,25,Common
Mythical Island,A1a,17th December 2024,86,Mythical Island,Raichu,26,Rare
Mythical Island,A1a,17th December 2024,86,Mythical Island,Electabuzz,27,Uncommon
Mythical Island,A1a,17th December 2024,86,Mythical Island,Joltik,28,Common
Mythical Island,A1a,17th December 2024,86,Mythical Island,Galvantula,29,Uncommon
Mythical Island,A1a,17th December 2024,86,Mythical Island,Dedenne,30,Common
Mythical Island,A1a,17th December 2024,86,Mythical Island,Mew,31,Rare
Mythical Island,A1a,17th December 2024,86,Mythical Island,Mew ex,32,Ultra Rare
Mythical Island,A1a,17th December 2024,86,Mythical Island,Sigilyph,33,Uncommon
Mythical Island,A1a,17th December 2024,86,Mythical Island,Elgyem,34,Common
Mythical Island,A1a,17th December 2024,86,Mythical Island,Beheeyem,35,Uncommon
Mythical Island,A1a,17th December 2024,86,Mythical Island,Flabébé,36,Common
Mythical Island,A1a,17th December 2024,86,Mythical Island,Floette,37,Common
Mythical Island,A1a,17th December 2024,86,Mythical Island,Florges,38,Uncommon
Mythical Island,A1a,17th December 2024,86,Mythical Island,Swirlix,39,Common
Mythical Island,A1a,17th December 2024,86,Mythical Island,Slurpuff,40,Common
Mythical Island,A1a,17th December 2024,86,Mythical Island,Mankey,41,Common
Mythical Island,A1a,17th December 2024,86,Mythical Island,Primeape,42,Common
Mythical Island,A1a,17th December 2024,86,Mythical Island,Geodude,43,Common
Mythical Island,A1a,17th December 2024,86,Mythical Island,Graveler,44,Uncommon
Mythical Island,A1a,17th December 2024,86,Mythical Island,Golem,45,Rare
Mythical Island,A1a,17th December 2024,86,Mythical Island,Aerodactyl ex,46,Ultra Rare
Mythical Island,A1a,17th December 2024,86,Mythical Island,Marshadow,47,Rare
Mythical Island,A1a,17th December 2024,86,Mythical Island,Stonjourner,48,Uncommon
Mythical Island,A1a,17th December 2024,86,Mythical Island,Koffing,49,Common
Mythical Island,A1a,17th December 2024,86,Mythical Island,Weezing,50,Uncommon
Mythical Island,A1a,17th December 2024,86,Mythical Island,Purrloin,51,Common
Mythical Island,A1a,17th December 2024,86,Mythical Island,Liepard,52,Common
Mythical Island,A1a,17th December 2024,86,Mythical Island,Venipede,53,Common
Mythical Island,A1a,17th December 2024,86,Mythical Island,Whirlipede,54,Common
Mythical Island,A1a,17th December 2024,86,Mythical Island,Scolipede,55,Uncommon
Mythical Island,A1a,17th December 2024,86,Mythical Island,Druddigon,56,Uncommon
Mythical Island,A1a,17th December 2024,86,Mythical Island,Pidgey,57,Common
Mythical Island,A1a,17th December 2024,86,Mythical Island,Pidgeotto,58,Common
Mythical Island,A1a,17th December 2024,86,Mythical Island,Pidgeot ex,59,Ultra Rare
Mythical Island,A1a,17th December 2024,86,Mythical Island,Tauros,60,Rare
Mythical Island,A1a,17th December 2024,86,Mythical Island,Eevee,61,Common
Mythical Island,A1a,17th December 2024,86,Mythical Island,Chatot,62,Common
Mythical Island,A1a,17th December 2024,86,Mythical Island,Old Amber,63,Common
Mythical Island,A1a,17th December 2024,86,Mythical Island,Pokémon Flute,64,Uncommon
Mythical Island,A1a,17th December 2024,86,Mythical Island,Mythical Slab,65,Uncommon
Mythical Island,A1a,17th December 2024,86,Mythical Island,Budding Expeditioner,66,Uncommon
Mythical Island,A1a,17th December 2024,86,Mythical Island,Blue,67,Uncommon
Mythical Island,A1a,17th December 2024,86,Mythical Island,Leaf,68,Uncommon
Mythical Island,A1a,17th December 2024,86,Mythical Island,Exeggutor,69,Star Rare
Mythical Island,A1a,17th December 2024,86,Mythical Island,Serperior,70,Star Rare
Mythical Island,A1a,17th December 2024,86,Mythical Island,Salandit,71,Star Rare
Mythical Island,A1a,17th December 2024,86,Mythical Island,Vaporeon,72,Star Rare
Mythical Island,A1a,17th December 2024,86,Mythical Island,Dedenne,73,Star Rare
Mythical Island,A1a,17th December 2024,86,Mythical Island,Marshadow,74,Star Rare
Mythical Island,A1a,17th December 2024,86,Mythical Island,Celebi ex,75,Double Star Rare
Mythical Island,A1a,17th December 2024,86,Mythical Island,Gyarados ex,76,Double Star Rare
Mythical Island,A1a,17th December 2024,86,Mythical Island,Mew ex,77,Double Star Rare
Mythical Island,A1a,17th December 2024,86,Mythical Island,Aerodactyl ex,78,Double Star Rare
Mythical Island,A1a,17th December 2024,86,Mythical Island,Pidgeot ex,79,Double Star Rare
Mythical Island,A1a,17th December 2024,86,Mythical Island,Budding Expeditioner,80,Double Star Rare
Mythical Island,A1a,17th December 2024,86,Mythical Island,Blue,81,Double Star Rare
Mythical Island,A1a,17th December 2024,86,Mythical Island,Leaf,82,Double Star Rare
Mythical Island,A1a,17th December 2024,86,Mythical Island,Mew ex,83,Double Star Rare
Mythical Island,A1a,17th December 2024,86,Mythical Island,Aerodactyl ex,84,Double Star Rare
Mythical Island,A1a,17th December 2024,86,Mythical Island,Celebi ex,85,Triple Star Rare
Mythical Island,A1a,17th December 2024,86,Mythical Island,Mew ex,86,Crown Rare
Genetic Apex,A1,30th October 2024,286,Charizard,Oddish,11,Common
Genetic Apex,A1,30th October 2024,286,Charizard,Gloom,12,Uncommon
Genetic Apex,A1,30th October 2024,286,Charizard,Vileplume,13,Rare
Genetic Apex,A1,30th October 2024,286,Charizard,Bellsprout,18,Common
Genetic Apex,A1,30th October 2024,286,Charizard,Weepinbell,19,Uncommon
Genetic Apex,A1,30th October 2024,286,Charizard,Victreebel,20,Rare
Genetic Apex,A1,30th October 2024,286,Charizard,Exeggcute,21,Common
Genetic Apex,A1,30th October 2024,286,Charizard,Exeggutor,22,Rare
Genetic Apex,A1,30th October 2024,286,Charizard,Exeggutor ex,23,Ultra Rare
Genetic Apex,A1,30th October 2024,286,Charizard,Tangela,24,Common
Genetic Apex,A1,30th October 2024,286,Charizard,Pinsir,26,Uncommon
Genetic Apex,A1,30th October 2024,286,Charizard,Cottonee,27,Common
Genetic Apex,A1,30th October 2024,286,Charizard,Whimsicott,28,Uncommon
Genetic Apex,A1,30th October 2024,286,Charizard,Petilil,29,Common
Genetic Apex,A1,30th October 2024,286,Charizard,Lilligant,30,Uncommon
Genetic Apex,A1,30th October 2024,286,Charizard,Skiddo,31,Common
Genetic Apex,A1,30th October 2024,286,Charizard,Gogoat,32,Common
Genetic Apex,A1,30th October 2024,286,Charizard,Charmander,33,Common
Genetic Apex,A1,30th October 2024,286,Charizard,Charmeleon,34,Uncommon
Genetic Apex,A1,30th October 2024,286,Charizard,Charizard,35,Rare
Genetic Apex,A1,30th October 2024,286,Charizard,Charizard ex,36,Ultra Rare
Genetic Apex,A1,30th October 2024,286,Charizard,Vulpix,37,Common
Genetic Apex,A1,30th October 2024,286,Charizard,Ninetales,38,Uncommon
Genetic Apex,A1,30th October 2024,286,Charizard,Ponyta,42,Common
Genetic Apex,A1,30th October 2024,286,Charizard,Rapidash,43,Uncommon
Genetic Apex,A1,30th October 2024,286,Charizard,Magmar,44,Common
Genetic Apex,A1,30th October 2024,286,Charizard,Flareon,45,Rare
Genetic Apex,A1,30th October 2024,286,Charizard,Moltres,46,Rare
Genetic Apex,A1,30th October 2024,286,Charizard,Moltres ex,47,Ultra Rare
Genetic Apex,A1,30th October 2024,286,Charizard,Heatmor,48,Common
Genetic Apex,A1,30th October 2024,286,Charizard,Sizzlipede,51,Common
Genetic Apex,A1,30th October 2024,286,Charizard,Centiskorch,52,Uncommon
Genetic Apex,A1,30th October 2024,286,Charizard,Psyduck,57,Common
Genetic Apex,A1,30th October 2024,286,Charizard,Golduck,58,Uncommon
Genetic Apex,A1,30th October 2024,286,Charizard,Poliwag,59,Common
Genetic Apex,A1,30th October 2024,286,Charizard,Poliwhirl,60,Uncommon
Genetic Apex,A1,30th October 2024,286,Charizard,Poliwrath,61,Rare
Genetic Apex,A1,30th October 2024,286,Charizard,Staryu,74,Common
Genetic Apex,A1,30th October 2024,286,Charizard,Starmie,75,Uncommon
Genetic Apex,A1,30th October 2024,286,Charizard,Starmie ex,76,Ultra Rare
Genetic Apex,A1,30th October 2024,286,Charizard,Lapras,79,Rare
Genetic Apex,A1,30th October 2024,286,Charizard,Ducklett,85,Common
Genetic Apex,A1,30th October 2024,286,Charizard,Swanna,86,Uncommon
Genetic Apex,A1,30th October 2024,286,Charizard,Froakie,87,Common
Genetic Apex,A1,30th October 2024,286,Charizard,Frogadier,88,Uncommon
Genetic Apex,A1,30th October 2024,286,Charizard,Greninja,89,Rare
Genetic Apex,A1,30th October 2024,286,Charizard,Pyukumuku,90,Common
Genetic Apex,A1,30th October 2024,286,Charizard,Bruxish,91,Uncommon
Genetic Apex,A1,30th October 2024,286,Charizard,Snom,92,Common
Genetic Apex,A1,30th October 2024,286,Charizard,Frosmoth,93,Uncommon
Genetic Apex,A1,30th October 2024,286,Charizard,Blitzle,105,Common
Genetic Apex,A1,30th October 2024,286,Charizard,Zebstrika,106,Uncommon
Genetic Apex,A1,30th October 2024,286,Charizard,Helioptile,110,Common
Genetic Apex,A1,30th October 2024,286,Charizard,Heliolisk,111,Common
Genetic Apex,A1,30th October 2024,286,Charizard,Pincurchin,112,Uncommon
Genetic Apex,A1,30th October 2024,286,Charizard,Abra,115,Common
Genetic Apex,A1,30th October 2024,286,Charizard,Kadabra,116,Uncommon
Genetic Apex,A1,30th October 2024,286,Charizard,Alakazam,117,Rare
Genetic Apex,A1,30th October 2024,286,Charizard,Slowpoke,118,Common
Genetic Apex,A1,30th October 2024,286,Charizard,Slowbro,119,Uncommon
Genetic Apex,A1,30th October 2024,286,Charizard,Woobat,133,Common
Genetic Apex,A1,30th October 2024,286,Charizard,Swoobat,134,Common
Genetic Apex,A1,30th October 2024,286,Charizard,Golett,135,Common
Genetic Apex,A1,30th October 2024,286,Charizard,Golurk,136,Uncommon
Genetic Apex,A1,30th October 2024,286,Charizard,Sandshrew,137,Common
Genetic Apex,A1,30th October 2024,286,Charizard,Sandslash,138,Uncommon
Genetic Apex,A1,30th October 2024,286,Charizard,Mankey,141,Common
Genetic Apex,A1,30th October 2024,286,Charizard,Primeape,142,Uncommon
Genetic Apex,A1,30th October 2024,286,Charizard,Machop,143,Common
Genetic Apex,A1,30th October 2024,286,Charizard,Machoke,144,Uncommon
Genetic Apex,A1,30th October 2024,286,Charizard,Machamp,145,Rare
Genetic Apex,A1,30th October 2024,286,Charizard,Machamp ex,146,Ultra Rare
Genetic Apex,A1,30th October 2024,286,Charizard,Hitmonchan,155,Common
Genetic Apex,A1,30th October 2024,286,Charizard,Kabuto,158,Uncommon
Genetic Apex,A1,30th October 2024,286,Charizard,Kabutops,159,Rare
Genetic Apex,A1,30th October 2024,286,Charizard,Clobbopus,162,Common
Genetic Apex,A1,30th October 2024,286,Charizard,Grapploct,163,Uncommon
Genetic Apex,A1,30th October 2024,286,Charizard,Ekans,164,Common
Genetic Apex,A1,30th October 2024,286,Charizard,Arbok,165,Uncommon
Genetic Apex,A1,30th October 2024,286,Charizard,Mawile,178,Common
Genetic Apex,A1,30th October 2024,286,Charizard,Pawniard,179,Common
Genetic Apex,A1,30th October 2024,286,Charizard,Bisharp,180,Uncommon
Genetic Apex,A1,30th October 2024,286,Charizard,Meltan,181,Common
Genetic Apex,A1,30th October 2024,286,Charizard,Melmetal,182,Rare
Genetic Apex,A1,30th October 2024,286,Charizard,Rattata,189,Common
Genetic Apex,A1,30th October 2024,286,Charizard,Raticate,190,Common
Genetic Apex,A1,30th October 2024,286,Charizard,Spearow,191,Common
Genetic Apex,A1,30th October 2024,286,Charizard,Fearow,192,Common
Genetic Apex,A1,30th October 2024,286,Charizard,Meowth,196,Common
Genetic Apex,A1,30th October 2024,286,Charizard,Persian,197,Uncommon
Genetic Apex,A1,30th October 2024,286,Charizard,Farfetch'd,198,Common
Genetic Apex,A1,30th October 2024,286,Charizard,Doduo,199,Common
Genetic Apex,A1,30th October 2024,286,Charizard,Dodrio,200,Uncommon
Genetic Apex,A1,30th October 2024,286,Charizard,Kangaskhan,203,Rare
Genetic Apex,A1,30th October 2024,286,Charizard,Tauros,204,Uncommon
Genetic Apex,A1,30th October 2024,286,Charizard,Eevee,206,Common
Genetic Apex,A1,30th October 2024,286,Charizard,Minccino,212,Common
Genetic Apex,A1,30th October 2024,286,Charizard,Cinccino,213,Uncommon
Genetic Apex,A1,30th October 2024,286,Charizard,Wooloo,214,Common
Genetic Apex,A1,30th October 2024,286,Charizard,Dubwool,215,Common
Genetic Apex,A1,30th October 2024,286,Charizard,Dome Fossil,217,Common
Genetic Apex,A1,30th October 2024,286,Charizard,Erika,219,Uncommon
Genetic Apex,A1,30th October 2024,286,Charizard,Blaine,221,Uncommon
Genetic Apex,A1,30th October 2024,286,Charizard,Sabrina,225,Uncommon
Genetic Apex,A1,30th October 2024,286,Charizard,Gloom,228,Star Rare
Genetic Apex,A1,30th October 2024,286,Charizard,Pinsir,229,Star Rare
Genetic Apex,A1,30th October 2024,286,Charizard,Charmander,230,Star Rare
Genetic Apex,A1,30th October 2024,286,Charizard,Rapidash,231,Star Rare
Genetic Apex,A1,30th October 2024,286,Charizard,Lapras,234,Star Rare
Genetic Apex,A1,30th October 2024,286,Charizard,Alakazam,236,Star Rare
Genetic Apex,A1,30th October 2024,286,Charizard,Slowpoke,237,Star Rare
Genetic Apex,A1,30th October 2024,286,Charizard,Meowth,246,Star Rare
Genetic Apex,A1,30th October 2024,286,Charizard,Exeggutor ex,252,Double Star Rare
Genetic Apex,A1,30th October 2024,286,Charizard,Charizard ex,253,Double Star Rare
Genetic Apex,A1,30th October 2024,286,Charizard,Moltres ex,255,Double Star Rare
Genetic Apex,A1,30th October 2024,286,Charizard,Starmie ex,257,Double Star Rare
Genetic Apex,A1,30th October 2024,286,Charizard,Machamp ex,263,Double Star Rare
Genetic Apex,A1,30th October 2024,286,Charizard,Erika,266,Double Star Rare
Genetic Apex,A1,30th October 2024,286,Charizard,Blaine,268,Double Star Rare
Genetic Apex,A1,30th October 2024,286,Charizard,Sabrina,272,Double Star Rare
Genetic Apex,A1,30th October 2024,286,Charizard,Moltres ex,274,Double Star Rare
Genetic Apex,A1,30th October 2024,286,Charizard,Machamp ex,278,Double Star Rare
Genetic Apex,A1,30th October 2024,286,Charizard,Charizard ex,280,Triple Star Rare
Genetic Apex,A1,30th October 2024,286,Charizard,Mew,283,Triple Star Rare
Genetic Apex,A1,30th October 2024,286,Charizard,Charizard ex,284,Crown Rare
Genetic Apex,A1,30th October 2024,286,Charizard,Pikachu ex,285,Crown Rare
Genetic Apex,A1,30th October 2024,286,Charizard,Mewtwo ex,286,Crown Rare
Genetic Apex,A1,30th October 2024,286,Mewtwo,Bulbasaur,1,Common
Genetic Apex,A1,30th October 2024,286,Mewtwo,Ivysaur,2,Uncommon
Genetic Apex,A1,30th October 2024,286,Mewtwo,Venusaur,3,Rare
Genetic Apex,A1,30th October 2024,286,Mewtwo,Venusaur ex,4,Ultra Rare
Genetic Apex,A1,30th October 2024,286,Mewtwo,Weedle,8,Common
Genetic Apex,A1,30th October 2024,286,Mewtwo,Kakuna,9,Common
Genetic Apex,A1,30th October 2024,286,Mewtwo,Beedrill,10,Rare
Genetic Apex,A1,30th October 2024,286,Mewtwo,Venonat,16,Common
Genetic Apex,A1,30th October 2024,286,Mewtwo,Venomoth,17,Uncommon
Genetic Apex,A1,30th October 2024,286,Mewtwo,Scyther,25,Common
Genetic Apex,A1,30th October 2024,286,Mewtwo,Pinsir,26,Uncommon
Genetic Apex,A1,30th October 2024,286,Mewtwo,Cottonee,27,Common
Genetic Apex,A1,30th October 2024,286,Mewtwo,Whimsicott,28,Uncommon
Genetic Apex,A1,30th October 2024,286,Mewtwo,Petilil,29,Common
Genetic Apex,A1,30th October 2024,286,Mewtwo,Lilligant,30,Uncommon
Genetic Apex,A1,30th October 2024,286,Mewtwo,Ponyta,42,Common
Genetic Apex,A1,30th October 2024,286,Mewtwo,Rapidash,43,Uncommon
Genetic Apex,A1,30th October 2024,286,Mewtwo,Heatmor,48,Common
Genetic Apex,A1,30th October 2024,286,Mewtwo,Salandit,49,Common
Genetic Apex,A1,30th October 2024,286,Mewtwo,Salazzle,50,Common
Genetic Apex,A1,30th October 2024,286,Mewtwo,Sizzlipede,51,Common
Genetic Apex,A1,30th October 2024,286,Mewtwo,Centiskorch,52,Uncommon
Genetic Apex,A1,30th October 2024,286,Mewtwo,Psyduck,57,Common
Genetic Apex,A1,30th October 2024,286,Mewtwo,Golduck,58,Uncommon
Genetic Apex,A1,30th October 2024,286,Mewtwo,Tentacool,62,Common
Genetic Apex,A1,30th October 2024,286,Mewtwo,Tentacruel,63,Uncommon
Genetic Apex,A1,30th October 2024,286,Mewtwo,Shellder,66,Common
Genetic Apex,A1,30th October 2024,286,Mewtwo,Cloyster,67,Uncommon
Genetic Apex,A1,30th October 2024,286,Mewtwo,Krabby,68,Common
Genetic Apex,A1,30th October 2024,286,Mewtwo,Kingler,69,Uncommon
Genetic Apex,A1,30th October 2024,286,Mewtwo,Vaporeon,80,Rare
Genetic Apex,A1,30th October 2024,286,Mewtwo,Articuno,83,Rare
Genetic Apex,A1,30th October 2024,286,Mewtwo,Articuno ex,84,Ultra Rare
Genetic Apex,A1,30th October 2024,286,Mewtwo,Bruxish,91,Uncommon
Genetic Apex,A1,30th October 2024,286,Mewtwo,Snom,92,Common
Genetic Apex,A1,30th October 2024,286,Mewtwo,Frosmoth,93,Uncommon
Genetic Apex,A1,30th October 2024,286,Mewtwo,Blitzle,105,Common
Genetic Apex,A1,30th October 2024,286,Mewtwo,Zebstrika,106,Uncommon
Genetic Apex,A1,30th October 2024,286,Mewtwo,Tynamo,107,Common
Genetic Apex,A1,30th October 2024,286,Mewtwo,Eelektrik,108,Uncommon
Genetic Apex,A1,30th October 2024,286,Mewtwo,Eelektross,109,Rare
Genetic Apex,A1,30th October 2024,286,Mewtwo,Helioptile,110,Common
Genetic Apex,A1,30th October 2024,286,Mewtwo,Heliolisk,111,Common
Genetic Apex,A1,30th October 2024,286,Mewtwo,Pincurchin,112,Uncommon
Genetic Apex,A1,30th October 2024,286,Mewtwo,Slowpoke,118,Common
Genetic Apex,A1,30th October 2024,286,Mewtwo,Slowbro,119,Uncommon
Genetic Apex,A1,30th October 2024,286,Mewtwo,Gastly,120,Common
Genetic Apex,A1,30th October 2024,286,Mewtwo,Haunter,121,Uncommon
Genetic Apex,A1,30th October 2024,286,Mewtwo,Gengar,122,Rare
Genetic Apex,A1,30th October 2024,286,Mewtwo,Gengar ex,123,Ultra Rare
Genetic Apex,A1,30th October 2024,286,Mewtwo,Mr. Mime,126,Uncommon
Genetic Apex,A1,30th October 2024,286,Mewtwo,Jynx,127,Common
Genetic Apex,A1,30th October 2024,286,Mewtwo,Mewtwo,128,Rare
Genetic Apex,A1,30th October 2024,286,Mewtwo,Mewtwo ex,129,Ultra Rare
Genetic Apex,A1,30th October 2024,286,Mewtwo,Ralts,130,Common
Genetic Apex,A1,30th October 2024,286,Mewtwo,Kirlia,131,Uncommon
Genetic Apex,A1,30th October 2024,286,Mewtwo,Gardevoir,132,Rare
Genetic Apex,A1,30th October 2024,286,Mewtwo,Woobat,133,Common
Genetic Apex,A1,30th October 2024,286,Mewtwo,Swoobat,134,Common
Genetic Apex,A1,30th October 2024,286,Mewtwo,Golett,135,Common
Genetic Apex,A1,30th October 2024,286,Mewtwo,Golurk,136,Uncommon
Genetic Apex,A1,30th October 2024,286,Mewtwo,Sandshrew,137,Common
Genetic Apex,A1,30th October 2024,286,Mewtwo,Sandslash,138,Uncommon
Genetic Apex,A1,30th October 2024,286,Mewtwo,Cubone,151,Common
Genetic Apex,A1,30th October 2024,286,Mewtwo,Marowak,152,Uncommon
Genetic Apex,A1,30th October 2024,286,Mewtwo,Marowak ex,153,Ultra Rare
Genetic Apex,A1,30th October 2024,286,Mewtwo,Hitmonlee,154,Common
Genetic Apex,A1,30th October 2024,286,Mewtwo,Rhyhorn,156,Common
Genetic Apex,A1,30th October 2024,286,Mewtwo,Rhydon,157,Uncommon
Genetic Apex,A1,30th October 2024,286,Mewtwo,Clobbopus,162,Common
Genetic Apex,A1,30th October 2024,286,Mewtwo,Grapploct,163,Uncommon
Genetic Apex,A1,30th October 2024,286,Mewtwo,Ekans,164,Common
Genetic Apex,A1,30th October 2024,286,Mewtwo,Arbok,165,Uncommon
Genetic Apex,A1,30th October 2024,286,Mewtwo,Zubat,172,Common
Genetic Apex,A1,30th October 2024,286,Mewtwo,Golbat,173,Uncommon
Genetic Apex,A1,30th October 2024,286,Mewtwo,Grimer,174,Common
Genetic Apex,A1,30th October 2024,286,Mewtwo,Muk,175,Rare
Genetic Apex,A1,30th October 2024,286,Mewtwo,Koffing,176,Common
Genetic Apex,A1,30th October 2024,286,Mewtwo,Weezing,177,Rare
Genetic Apex,A1,30th October 2024,286,Mewtwo,Pawniard,179,Common
Genetic Apex,A1,30th October 2024,286,Mewtwo,Bisharp,180,Uncommon
Genetic Apex,A1,30th October 2024,286,Mewtwo,Dratini,183,Common
Genetic Apex,A1,30th October 2024,286,Mewtwo,Dragonair,184,Uncommon
Genetic Apex,A1,30th October 2024,286,Mewtwo,Dragonite,185,Rare
Genetic Apex,A1,30th October 2024,286,Mewtwo,Pidgey,186,Common
Genetic Apex,A1,30th October 2024,286,Mewtwo,Pidgeotto,187,Common
Genetic Apex,A1,30th October 2024,286,Mewtwo,Pidgeot,188,Rare
Genetic Apex,A1,30th October 2024,286,Mewtwo,Rattata,189,Common
Genetic Apex,A1,30th October 2024,286,Mewtwo,Raticate,190,Common
Genetic Apex,A1,30th October 2024,286,Mewtwo,Farfetch'd,198,Common
Genetic Apex,A1,30th October 2024,286,Mewtwo,Doduo,199,Common
Genetic Apex,A1,30th October 2024,286,Mewtwo,Dodrio,200,Uncommon
Genetic Apex,A1,30th October 2024,286,Mewtwo,Lickitung,201,Uncommon
Genetic Apex,A1,30th October 2024,286,Mewtwo,Ditto,205,Rare
Genetic Apex,A1,30th October 2024,286,Mewtwo,Eevee,207,Common
Genetic Apex,A1,30th October 2024,286,Mewtwo,Porygon,209,Uncommon
Genetic Apex,A1,30th October 2024,286,Mewtwo,Aerodactyl,210,Rare
Genetic Apex,A1,30th October 2024,286,Mewtwo,Minccino,212,Common
Genetic Apex,A1,30th October 2024,286,Mewtwo,Cinccino,213,Uncommon
Genetic Apex,A1,30th October 2024,286,Mewtwo,Wooloo,214,Common
Genetic Apex,A1,30th October 2024,286,Mewtwo,Dubwool,215,Common
Genetic Apex,A1,30th October 2024,286,Mewtwo,Old Amber,218,Common
Genetic Apex,A1,30th October 2024,286,Mewtwo,Koga,222,Uncommon
Genetic Apex,A1,30th October 2024,286,Mewtwo,Giovanni,223,Uncommon
Genetic Apex,A1,30th October 2024,286,Mewtwo,Bulbasaur,227,Star Rare
Genetic Apex,A1,30th October 2024,286,Mewtwo,Cubone,239,Star Rare
Genetic Apex,A1,30th October 2024,286,Mewtwo,Golbat,242,Star Rare
Genetic Apex,A1,30th October 2024,286,Mewtwo,Weezing,243,Star Rare
Genetic Apex,A1,30th October 2024,286,Mewtwo,Dragonite,244,Star Rare
Genetic Apex,A1,30th October 2024,286,Mewtwo,Pidgeot,245,Star Rare
Genetic Apex,A1,30th October 2024,286,Mewtwo,Ditto,247,Star Rare
Genetic Apex,A1,30th October 2024,286,Mewtwo,Porygon,249,Star Rare
Genetic Apex,A1,30th October 2024,286,Mewtwo,Venusaur ex,251,Double Star Rare
Genetic Apex,A1,30th October 2024,286,Mewtwo,Articuno ex,258,Double Star Rare
Genetic Apex,A1,30th October 2024,286,Mewtwo,Gengar ex,261,Double Star Rare
Genetic Apex,A1,30th October 2024,286,Mewtwo,Mewtwo ex,262,Double Star Rare
Genetic Apex,A1,30th October 2024,286,Mewtwo,Marowak ex,264,Double Star Rare
Genetic Apex,A1,30th October 2024,286,Mewtwo,Koga,269,Double Star Rare
Genetic Apex,A1,30th October 2024,286,Mewtwo,Giovanni,270,Double Star Rare
Genetic Apex,A1,30th October 2024,286,Mewtwo,Articuno ex,275,Double Star Rare
Genetic Apex,A1,30th October 2024,286,Mewtwo,Gengar ex,277,Double Star Rare
Genetic Apex,A1,30th October 2024,286,Mewtwo,Mewtwo ex,282,Triple Star Rare
Genetic Apex,A1,30th October 2024,286,Mewtwo,Mew,283,Triple Star Rare
Genetic Apex,A1,30th October 2024,286,Mewtwo,Charizard ex,284,Crown Rare
Genetic Apex,A1,30th October 2024,286,Mewtwo,Pikachu ex,285,Crown Rare
Genetic Apex,A1,30th October 2024,286,Mewtwo,Mewtwo ex,286,Crown Rare
Genetic Apex,A1,30th October 2024,286,Pikachu,Caterpie,5,Common
Genetic Apex,A1,30th October 2024,286,Pikachu,Metapod,6,Common
Genetic Apex,A1,30th October 2024,286,Pikachu,Butterfree,7,Rare
Genetic Apex,A1,30th October 2024,286,Pikachu,Paras,14,Common
Genetic Apex,A1,30th October 2024,286,Pikachu,Parasect,15,Uncommon
Genetic Apex,A1,30th October 2024,286,Pikachu,Pinsir,26,Uncommon
Genetic Apex,A1,30th October 2024,286,Pikachu,Cottonee,27,Common
Genetic Apex,A1,30th October 2024,286,Pikachu,Whimsicott,28,Uncommon
Genetic Apex,A1,30th October 2024,286,Pikachu,Petilil,29,Common
Genetic Apex,A1,30th October 2024,286,Pikachu,Lilligant,30,Uncommon
Genetic Apex,A1,30th October 2024,286,Pikachu,Growlithe,39,Common
Genetic Apex,A1,30th October 2024,286,Pikachu,Arcanine,40,Rare
Genetic Apex,A1,30th October 2024,286,Pikachu,Arcanine ex,41,Ultra Rare
Genetic Apex,A1,30th October 2024,286,Pikachu,Ponyta,42,Common
Genetic Apex,A1,30th October 2024,286,Pikachu,Rapidash,43,Uncommon
Genetic Apex,A1,30th October 2024,286,Pikachu,Heatmor,48,Common
Genetic Apex,A1,30th October 2024,286,Pikachu,Sizzlipede,51,Common
Genetic Apex,A1,30th October 2024,286,Pikachu,Centiskorch,52,Uncommon
Genetic Apex,A1,30th October 2024,286,Pikachu,Squirtle,53,Common
Genetic Apex,A1,30th October 2024,286,Pikachu,Wartortle,54,Uncommon
Genetic Apex,A1,30th October 2024,286,Pikachu,Blastoise,55,Rare
Genetic Apex,A1,30th October 2024,286,Pikachu,Blastoise ex,56,Ultra Rare
Genetic Apex,A1,30th October 2024,286,Pikachu,Psyduck,57,Common
Genetic Apex,A1,30th October 2024,286,Pikachu,Golduck,58,Uncommon
Genetic Apex,A1,30th October 2024,286,Pikachu,Seel,64,Common
Genetic Apex,A1,30th October 2024,286,Pikachu,Dewgong,65,Uncommon
Genetic Apex,A1,30th October 2024,286,Pikachu,Horsea,70,Common
Genetic Apex,A1,30th October 2024,286,Pikachu,Seadra,71,Uncommon
Genetic Apex,A1,30th October 2024,286,Pikachu,Goldeen,72,Common
Genetic Apex,A1,30th October 2024,286,Pikachu,Seaking,73,Common
Genetic Apex,A1,30th October 2024,286,Pikachu,Magikarp,77,Common
Genetic Apex,A1,30th October 2024,286,Pikachu,Gyarados,78,Rare
Genetic Apex,A1,30th October 2024,286,Pikachu,Omanyte,81,Uncommon
Genetic Apex,A1,30th October 2024,286,Pikachu,Omastar,82,Rare
Genetic Apex,A1,30th October 2024,286,Pikachu,Bruxish,91,Uncommon
Genetic Apex,A1,30th October 2024,286,Pikachu,Snom,92,Common
Genetic Apex,A1,30th October 2024,286,Pikachu,Frosmoth,93,Uncommon
Genetic Apex,A1,30th October 2024,286,Pikachu,Pikachu,94,Common
Genetic Apex,A1,30th October 2024,286,Pikachu,Raichu,95,Rare
Genetic Apex,A1,30th October 2024,286,Pikachu,Pikachu ex,96,Ultra Rare
Genetic Apex,A1,30th October 2024,286,Pikachu,Magnemite,97,Common
Genetic Apex,A1,30th October 2024,286,Pikachu,Magneton,98,Rare
Genetic Apex,A1,30th October 2024,286,Pikachu,Voltorb,99,Common
Genetic Apex,A1,30th October 2024,286,Pikachu,Electrode,100,Uncommon
Genetic Apex,A1,30th October 2024,286,Pikachu,Electabuzz,101,Common
Genetic Apex,A1,30th October 2024,286,Pikachu,Jolteon,102,Rare
Genetic Apex,A1,30th October 2024,286,Pikachu,Zapdos,103,Rare
Genetic Apex,A1,30th October 2024,286,Pikachu,Zapdos ex,104,Ultra Rare
Genetic Apex,A1,30th October 2024,286,Pikachu,Blitzle,105,Common
Genetic Apex,A1,30th October 2024,286,Pikachu,Zebstrika,106,Uncommon
Genetic Apex,A1,30th October 2024,286,Pikachu,Helioptile,110,Common
Genetic Apex,A1,30th October 2024,286,Pikachu,Heliolisk,111,Common
Genetic Apex,A1,30th October 2024,286,Pikachu,Pincurchin,112,Uncommon
Genetic Apex,A1,30th October 2024,286,Pikachu,Clefairy,113,Common
Genetic Apex,A1,30th October 2024,286,Pikachu,Clefable,114,Uncommon
Genetic Apex,A1,30th October 2024,286,Pikachu,Slowpoke,118,Common
Genetic Apex,A1,30th October 2024,286,Pikachu,Slowbro,119,Uncommon
Genetic Apex,A1,30th October 2024,286,Pikachu,Drowzee,124,Common
Genetic Apex,A1,30th October 2024,286,Pikachu,Hypno,125,Rare
Genetic Apex,A1,30th October 2024,286,Pikachu,Woobat,133,Common
Genetic Apex,A1,30th October 2024,286,Pikachu,Swoobat,134,Common
Genetic Apex,A1,30th October 2024,286,Pikachu,Golett,135,Common
Genetic Apex,A1,30th October 2024,286,Pikachu,Golurk,136,Uncommon
Genetic Apex,A1,30th October 2024,286,Pikachu,Sandshrew,137,Common
Genetic Apex,A1,30th October 2024,286,Pikachu,Sandslash,138,Uncommon
Genetic Apex,A1,30th October 2024,286,Pikachu,Diglett,139,Common
Genetic Apex,A1,30th October 2024,286,Pikachu,Dugtrio,140,Uncommon
Genetic Apex,A1,30th October 2024,286,Pikachu,Geodude,147,Common
Genetic Apex,A1,30th October 2024,286,Pikachu,Graveler,148,Uncommon
Genetic Apex,A1,30th October 2024,286,Pikachu,Golem,149,Rare
Genetic Apex,A1,30th October 2024,286,Pikachu,Onix,150,Uncommon
Genetic Apex,A1,30th October 2024,286,Pikachu,Mienfoo,160,Common
Genetic Apex,A1,30th October 2024,286,Pikachu,Mienshao,161,Uncommon
Genetic Apex,A1,30th October 2024,286,Pikachu,Clobbopus,162,Common
Genetic Apex,A1,30th October 2024,286,Pikachu,Grapploct,163,Uncommon
Genetic Apex,A1,30th October 2024,286,Pikachu,Ekans,164,Common
Genetic Apex,A1,30th October 2024,286,Pikachu,Arbok,165,Uncommon
Genetic Apex,A1,30th October 2024,286,Pikachu,Nidoran♀,166,Common
Genetic Apex,A1,30th October 2024,286,Pikachu,Nidorina,167,Uncommon
Genetic Apex,A1,30th October 2024,286,Pikachu,Nidoqueen,168,Rare
Genetic Apex,A1,30th October 2024,286,Pikachu,Nidoran♂,169,Common
Genetic Apex,A1,30th October 2024,286,Pikachu,Nidorino,170,Uncommon
Genetic Apex,A1,30th October 2024,286,Pikachu,Nidoking,171,Rare
Genetic Apex,A1,30th October 2024,286,Pikachu,Pawniard,179,Common
Genetic Apex,A1,30th October 2024,286,Pikachu,Bisharp,180,Uncommon
Genetic Apex,A1,30th October 2024,286,Pikachu,Rattata,189,Common
Genetic Apex,A1,30th October 2024,286,Pikachu,Raticate,190,Common
Genetic Apex,A1,30th October 2024,286,Pikachu,Jigglypuff,193,Common
Genetic Apex,A1,30th October 2024,286,Pikachu,Wigglytuff,194,Common
Genetic Apex,A1,30th October 2024,286,Pikachu,Wigglytuff ex,195,Ultra Rare
Genetic Apex,A1,30th October 2024,286,Pikachu,Farfetch'd,198,Common
Genetic Apex,A1,30th October 2024,286,Pikachu,Doduo,199,Common
Genetic Apex,A1,30th October 2024,286,Pikachu,Dodrio,200,Uncommon
Genetic Apex,A1,30th October 2024,286,Pikachu,Chansey,202,Uncommon
Genetic Apex,A1,30th October 2024,286,Pikachu,Eevee,208,Common
Genetic Apex,A1,30th October 2024,286,Pikachu,Snorlax,211,Rare
Genetic Apex,A1,30th October 2024,286,Pikachu,Minccino,212,Common
Genetic Apex,A1,30th October 2024,286,Pikachu,Cinccino,213,Uncommon
Genetic Apex,A1,30th October 2024,286,Pikachu,Wooloo,214,Common
Genetic Apex,A1,30th October 2024,286,Pikachu,Dubwool,215,Common
Genetic Apex,A1,30th October 2024,286,Pikachu,Helix Fossil,216,Common
Genetic Apex,A1,30th October 2024,286,Pikachu,Misty,220,Uncommon
Genetic Apex,A1,30th October 2024,286,Pikachu,Brock,224,Uncommon
Genetic Apex,A1,30th October 2024,286,Pikachu,Lt. Surge,226,Uncommon
Genetic Apex,A1,30th October 2024,286,Pikachu,Squirtle,232,Star Rare
Genetic Apex,A1,30th October 2024,286,Pikachu,Gyarados,233,Star Rare
Genetic Apex,A1,30th October 2024,286,Pikachu,Electrode,235,Star Rare
Genetic Apex,A1,30th October 2024,286,Pikachu,Diglett,238,Star Rare
Genetic Apex,A1,30th October 2024,286,Pikachu,Nidoqueen,240,Star Rare
Genetic Apex,A1,30th October 2024,286,Pikachu,Nidoking,241,Star Rare
Genetic Apex,A1,30th October 2024,286,Pikachu,Eevee,248,Star Rare
Genetic Apex,A1,30th October 2024,286,Pikachu,Snorlax,250,Star Rare
Genetic Apex,A1,30th October 2024,286,Pikachu,Arcanine ex,254,Double Star Rare
Genetic Apex,A1,30th October 2024,286,Pikachu,Blastoise ex,256,Double Star Rare
Genetic Apex,A1,30th October 2024,286,Pikachu,Pikachu ex,259,Double Star Rare
Genetic Apex,A1,30th October 2024,286,Pikachu,Zapdos ex,260,Double Star Rare
Genetic Apex,A1,30th October 2024,286,Pikachu,Wigglytuff ex,265,Double Star Rare
Genetic Apex,A1,30th October 2024,286,Pikachu,Misty,267,Double Star Rare
Genetic Apex,A1,30th October 2024,286,Pikachu,Brock,271,Double Star Rare
Genetic Apex,A1,30th October 2024,286,Pikachu,Lt. Surge,273,Double Star Rare
Genetic Apex,A1,30th October 2024,286,Pikachu,Zapdos ex,276,Double Star Rare
Genetic Apex,A1,30th October 2024,286,Pikachu,Wigglytuff ex,279,Double Star Rare
Genetic Apex,A1,30th October 2024,286,Pikachu,Pikachu ex,281,Triple Star Rare
Genetic Apex,A1,30th October 2024,286,Pikachu,Mew,283,Triple Star Rare
Genetic Apex,A1,30th October 2024,286,Pikachu,Charizard ex,284,Crown Rare
Genetic Apex,A1,30th October 2024,286,Pikachu,Pikachu ex,285,Crown Rare
Genetic Apex,A1,30th October 2024,286,Pikachu,Mewtwo ex,286,Crown Rare